assumption,monitoring_tool,economy,date,signal,status,notes,source_file
Stakeholder alignment with U.S. focus areas,,APEC (aggregate),2025-08-09,Average 12.0 economies represented (last 5 dialogues),baseline,"CI1 = % economies represented. CI2 = average number of economies. Thresholds: Optimistic ≥60, Baseline 30–59, Pessimistic <30.",attendance_assumption.csv
Stakeholder alignment with U.S. focus areas,,APEC (aggregate),2025-08-06,Average 17.0 economies represented (last 5 Digital Trade dialogues),optimistic,"CI1 = % economies represented. CI2 = average number of economies. Thresholds: Optimistic ≥60, Baseline 30–59, Pessimistic <30.",attendance_assumption.csv
Stakeholder alignment with U.S. focus areas,,Australia,2025-08-06,Australia attended 1/5 Digital Trade dialogues,pessimistic,"CI1 = % of last 5 dialogues attended. CI2 = number of dialogues attended (0–5). Thresholds: Optimistic ≥60, Baseline 30–59, Pessimistic <30.",attendance_assumption.csv
Stakeholder alignment with U.S. focus areas,,Brunei Darussalam,2025-08-06,Brunei Darussalam attended 1/5 Digital Trade dialogues,pessimistic,"CI1 = % of last 5 dialogues attended. CI2 = number of dialogues attended (0–5). Thresholds: Optimistic ≥60, Baseline 30–59, Pessimistic <30.",attendance_assumption.csv
Stakeholder alignment with U.S. focus areas,,Canada,2025-08-06,Canada attended 1/5 Digital Trade dialogues,pessimistic,"CI1 = % of last 5 dialogues attended. CI2 = number of dialogues attended (0–5). Thresholds: Optimistic ≥60, Baseline 30–59, Pessimistic <30.",attendance_assumption.csv
Stakeholder alignment with U.S. focus areas,,Chile,2025-08-06,Chile attended 1/5 Digital Trade dialogues,pessimistic,"CI1 = % of last 5 dialogues attended. CI2 = number of dialogues attended (0–5). Thresholds: Optimistic ≥60, Baseline 30–59, Pessimistic <30.",attendance_assumption.csv
Stakeholder alignment with U.S. focus areas,,China,2025-08-06,China attended 1/5 Digital Trade dialogues,pessimistic,"CI1 = % of last 5 dialogues attended. CI2 = number of dialogues attended (0–5). Thresholds: Optimistic ≥60, Baseline 30–59, Pessimistic <30.",attendance_assumption.csv
Stakeholder alignment with U.S. focus areas,,Chinese Taipei,2025-08-06,Chinese Taipei attended 1/5 Digital Trade dialogues,pessimistic,"CI1 = % of last 5 dialogues attended. CI2 = number of dialogues attended (0–5). Thresholds: Optimistic ≥60, Baseline 30–59, Pessimistic <30.",attendance_assumption.csv
Stakeholder alignment with U.S. focus areas,,Hong Kong,2025-08-06,Hong Kong attended 1/5 Digital Trade dialogues,pessimistic,"CI1 = % of last 5 dialogues attended. CI2 = number of dialogues attended (0–5). Thresholds: Optimistic ≥60, Baseline 30–59, Pessimistic <30.",attendance_assumption.csv
Stakeholder alignment with U.S. focus areas,,Japan,2025-08-06,Japan attended 1/5 Digital Trade dialogues,pessimistic,"CI1 = % of last 5 dialogues attended. CI2 = number of dialogues attended (0–5). Thresholds: Optimistic ≥60, Baseline 30–59, Pessimistic <30.",attendance_assumption.csv
Stakeholder alignment with U.S. focus areas,,Malaysia,2025-08-06,Malaysia attended 1/5 Digital Trade dialogues,pessimistic,"CI1 = % of last 5 dialogues attended. CI2 = number of dialogues attended (0–5). Thresholds: Optimistic ≥60, Baseline 30–59, Pessimistic <30.",attendance_assumption.csv
Stakeholder alignment with U.S. focus areas,,Other,2025-08-06,Other attended 1/5 Digital Trade dialogues,pessimistic,"CI1 = % of last 5 dialogues attended. CI2 = number of dialogues attended (0–5). Thresholds: Optimistic ≥60, Baseline 30–59, Pessimistic <30.",attendance_assumption.csv
Stakeholder alignment with U.S. focus areas,,Papua New Guinea,2025-08-06,Papua New Guinea attended 1/5 Digital Trade dialogues,pessimistic,"CI1 = % of last 5 dialogues attended. CI2 = number of dialogues attended (0–5). Thresholds: Optimistic ≥60, Baseline 30–59, Pessimistic <30.",attendance_assumption.csv
Stakeholder alignment with U.S. focus areas,,People's Republic of China,2025-08-06,People's Republic of China attended 1/5 Digital Trade dialogues,pessimistic,"CI1 = % of last 5 dialogues attended. CI2 = number of dialogues attended (0–5). Thresholds: Optimistic ≥60, Baseline 30–59, Pessimistic <30.",attendance_assumption.csv
Stakeholder alignment with U.S. focus areas,,Republic of Korea,2025-08-06,Republic of Korea attended 1/5 Digital Trade dialogues,pessimistic,"CI1 = % of last 5 dialogues attended. CI2 = number of dialogues attended (0–5). Thresholds: Optimistic ≥60, Baseline 30–59, Pessimistic <30.",attendance_assumption.csv
Stakeholder alignment with U.S. focus areas,,Russia,2025-08-06,Russia attended 1/5 Digital Trade dialogues,pessimistic,"CI1 = % of last 5 dialogues attended. CI2 = number of dialogues attended (0–5). Thresholds: Optimistic ≥60, Baseline 30–59, Pessimistic <30.",attendance_assumption.csv
Stakeholder alignment with U.S. focus areas,,Singapore,2025-08-06,Singapore attended 1/5 Digital Trade dialogues,pessimistic,"CI1 = % of last 5 dialogues attended. CI2 = number of dialogues attended (0–5). Thresholds: Optimistic ≥60, Baseline 30–59, Pessimistic <30.",attendance_assumption.csv
Stakeholder alignment with U.S. focus areas,,The Philippines,2025-08-06,The Philippines attended 1/5 Digital Trade dialogues,pessimistic,"CI1 = % of last 5 dialogues attended. CI2 = number of dialogues attended (0–5). Thresholds: Optimistic ≥60, Baseline 30–59, Pessimistic <30.",attendance_assumption.csv
Stakeholder alignment with U.S. focus areas,,United States of America,2025-08-06,United States of America attended 1/5 Digital Trade dialogues,pessimistic,"CI1 = % of last 5 dialogues attended. CI2 = number of dialogues attended (0–5). Thresholds: Optimistic ≥60, Baseline 30–59, Pessimistic <30.",attendance_assumption.csv
Stakeholder alignment with U.S. focus areas,,APEC (aggregate),2025-08-02,Average 9.0 economies represented (last 5 Supply Chain Connectivity dialogues),baseline,"CI1 = % economies represented. CI2 = average number of economies. Thresholds: Optimistic ≥60, Baseline 30–59, Pessimistic <30.",attendance_assumption.csv
Stakeholder alignment with U.S. focus areas,,Canada,2025-08-02,Canada attended 1/5 Supply Chain Connectivity dialogues,pessimistic,"CI1 = % of last 5 dialogues attended. CI2 = number of dialogues attended (0–5). Thresholds: Optimistic ≥60, Baseline 30–59, Pessimistic <30.",attendance_assumption.csv
Stakeholder alignment with U.S. focus areas,,Chile,2025-08-02,Chile attended 1/5 Supply Chain Connectivity dialogues,pessimistic,"CI1 = % of last 5 dialogues attended. CI2 = number of dialogues attended (0–5). Thresholds: Optimistic ≥60, Baseline 30–59, Pessimistic <30.",attendance_assumption.csv
Stakeholder alignment with U.S. focus areas,,Chinese Taipei,2025-08-02,Chinese Taipei attended 1/5 Supply Chain Connectivity dialogues,pessimistic,"CI1 = % of last 5 dialogues attended. CI2 = number of dialogues attended (0–5). Thresholds: Optimistic ≥60, Baseline 30–59, Pessimistic <30.",attendance_assumption.csv
Stakeholder alignment with U.S. focus areas,,Japan,2025-08-02,Japan attended 1/5 Supply Chain Connectivity dialogues,pessimistic,"CI1 = % of last 5 dialogues attended. CI2 = number of dialogues attended (0–5). Thresholds: Optimistic ≥60, Baseline 30–59, Pessimistic <30.",attendance_assumption.csv
Stakeholder alignment with U.S. focus areas,,Malaysia,2025-08-02,Malaysia attended 1/5 Supply Chain Connectivity dialogues,pessimistic,"CI1 = % of last 5 dialogues attended. CI2 = number of dialogues attended (0–5). Thresholds: Optimistic ≥60, Baseline 30–59, Pessimistic <30.",attendance_assumption.csv
Stakeholder alignment with U.S. focus areas,,Other,2025-08-02,Other attended 1/5 Supply Chain Connectivity dialogues,pessimistic,"CI1 = % of last 5 dialogues attended. CI2 = number of dialogues attended (0–5). Thresholds: Optimistic ≥60, Baseline 30–59, Pessimistic <30.",attendance_assumption.csv
Stakeholder alignment with U.S. focus areas,,Peru,2025-08-02,Peru attended 1/5 Supply Chain Connectivity dialogues,pessimistic,"CI1 = % of last 5 dialogues attended. CI2 = number of dialogues attended (0–5). Thresholds: Optimistic ≥60, Baseline 30–59, Pessimistic <30.",attendance_assumption.csv
Stakeholder alignment with U.S. focus areas,,Republic of Korea,2025-08-02,Republic of Korea attended 1/5 Supply Chain Connectivity dialogues,pessimistic,"CI1 = % of last 5 dialogues attended. CI2 = number of dialogues attended (0–5). Thresholds: Optimistic ≥60, Baseline 30–59, Pessimistic <30.",attendance_assumption.csv
Stakeholder alignment with U.S. focus areas,,United States of America,2025-08-02,United States of America attended 1/5 Supply Chain Connectivity dialogues,pessimistic,"CI1 = % of last 5 dialogues attended. CI2 = number of dialogues attended (0–5). Thresholds: Optimistic ≥60, Baseline 30–59, Pessimistic <30.",attendance_assumption.csv
Stakeholder alignment with U.S. focus areas,,APEC (aggregate),2025-07-31,Average 8.0 economies represented (last 5 rec8X4hhBa5cOnk18 dialogues),baseline,"CI1 = % economies represented. CI2 = average number of economies. Thresholds: Optimistic ≥60, Baseline 30–59, Pessimistic <30.",attendance_assumption.csv
Stakeholder alignment with U.S. focus areas,,Australia,2025-07-31,Australia attended 1/5 rec8X4hhBa5cOnk18 dialogues,pessimistic,"CI1 = % of last 5 dialogues attended. CI2 = number of dialogues attended (0–5). Thresholds: Optimistic ≥60, Baseline 30–59, Pessimistic <30.",attendance_assumption.csv
Stakeholder alignment with U.S. focus areas,,Chinese Taipei,2025-07-31,Chinese Taipei attended 1/5 rec8X4hhBa5cOnk18 dialogues,pessimistic,"CI1 = % of last 5 dialogues attended. CI2 = number of dialogues attended (0–5). Thresholds: Optimistic ≥60, Baseline 30–59, Pessimistic <30.",attendance_assumption.csv
Stakeholder alignment with U.S. focus areas,,Malaysia,2025-07-31,Malaysia attended 1/5 rec8X4hhBa5cOnk18 dialogues,pessimistic,"CI1 = % of last 5 dialogues attended. CI2 = number of dialogues attended (0–5). Thresholds: Optimistic ≥60, Baseline 30–59, Pessimistic <30.",attendance_assumption.csv
Stakeholder alignment with U.S. focus areas,,Papua New Guinea,2025-07-31,Papua New Guinea attended 1/5 rec8X4hhBa5cOnk18 dialogues,pessimistic,"CI1 = % of last 5 dialogues attended. CI2 = number of dialogues attended (0–5). Thresholds: Optimistic ≥60, Baseline 30–59, Pessimistic <30.",attendance_assumption.csv
Stakeholder alignment with U.S. focus areas,,Republic of Korea,2025-07-31,Republic of Korea attended 1/5 rec8X4hhBa5cOnk18 dialogues,pessimistic,"CI1 = % of last 5 dialogues attended. CI2 = number of dialogues attended (0–5). Thresholds: Optimistic ≥60, Baseline 30–59, Pessimistic <30.",attendance_assumption.csv
Stakeholder alignment with U.S. focus areas,,Thailand,2025-07-31,Thailand attended 1/5 rec8X4hhBa5cOnk18 dialogues,pessimistic,"CI1 = % of last 5 dialogues attended. CI2 = number of dialogues attended (0–5). Thresholds: Optimistic ≥60, Baseline 30–59, Pessimistic <30.",attendance_assumption.csv
Stakeholder alignment with U.S. focus areas,,The Philippines,2025-07-31,The Philippines attended 1/5 rec8X4hhBa5cOnk18 dialogues,pessimistic,"CI1 = % of last 5 dialogues attended. CI2 = number of dialogues attended (0–5). Thresholds: Optimistic ≥60, Baseline 30–59, Pessimistic <30.",attendance_assumption.csv
Stakeholder alignment with U.S. focus areas,,United States of America,2025-07-31,United States of America attended 1/5 rec8X4hhBa5cOnk18 dialogues,pessimistic,"CI1 = % of last 5 dialogues attended. CI2 = number of dialogues attended (0–5). Thresholds: Optimistic ≥60, Baseline 30–59, Pessimistic <30.",attendance_assumption.csv
Stakeholder alignment with U.S. focus areas,,APEC (aggregate),2025-08-08,Average 13.0 economies represented (last 5 recIze3I0sDtjtxap dialogues),optimistic,"CI1 = % economies represented. CI2 = average number of economies. Thresholds: Optimistic ≥60, Baseline 30–59, Pessimistic <30.",attendance_assumption.csv
Stakeholder alignment with U.S. focus areas,,Australia,2025-08-08,Australia attended 2/5 recIze3I0sDtjtxap dialogues,baseline,"CI1 = % of last 5 dialogues attended. CI2 = number of dialogues attended (0–5). Thresholds: Optimistic ≥60, Baseline 30–59, Pessimistic <30.",attendance_assumption.csv
Stakeholder alignment with U.S. focus areas,,Brunei Darussalam,2025-08-08,Brunei Darussalam attended 1/5 recIze3I0sDtjtxap dialogues,pessimistic,"CI1 = % of last 5 dialogues attended. CI2 = number of dialogues attended (0–5). Thresholds: Optimistic ≥60, Baseline 30–59, Pessimistic <30.",attendance_assumption.csv
Stakeholder alignment with U.S. focus areas,,Canada,2025-08-08,Canada attended 2/5 recIze3I0sDtjtxap dialogues,baseline,"CI1 = % of last 5 dialogues attended. CI2 = number of dialogues attended (0–5). Thresholds: Optimistic ≥60, Baseline 30–59, Pessimistic <30.",attendance_assumption.csv
Stakeholder alignment with U.S. focus areas,,Chile,2025-08-08,Chile attended 2/5 recIze3I0sDtjtxap dialogues,baseline,"CI1 = % of last 5 dialogues attended. CI2 = number of dialogues attended (0–5). Thresholds: Optimistic ≥60, Baseline 30–59, Pessimistic <30.",attendance_assumption.csv
Stakeholder alignment with U.S. focus areas,,Chinese Taipei,2025-08-08,Chinese Taipei attended 2/5 recIze3I0sDtjtxap dialogues,baseline,"CI1 = % of last 5 dialogues attended. CI2 = number of dialogues attended (0–5). Thresholds: Optimistic ≥60, Baseline 30–59, Pessimistic <30.",attendance_assumption.csv
Stakeholder alignment with U.S. focus areas,,"Hong Kong, China",2025-08-08,"Hong Kong, China attended 1/5 recIze3I0sDtjtxap dialogues",pessimistic,"CI1 = % of last 5 dialogues attended. CI2 = number of dialogues attended (0–5). Thresholds: Optimistic ≥60, Baseline 30–59, Pessimistic <30.",attendance_assumption.csv
Stakeholder alignment with U.S. focus areas,,Indonesia,2025-08-08,Indonesia attended 2/5 recIze3I0sDtjtxap dialogues,baseline,"CI1 = % of last 5 dialogues attended. CI2 = number of dialogues attended (0–5). Thresholds: Optimistic ≥60, Baseline 30–59, Pessimistic <30.",attendance_assumption.csv
Stakeholder alignment with U.S. focus areas,,Japan,2025-08-08,Japan attended 2/5 recIze3I0sDtjtxap dialogues,baseline,"CI1 = % of last 5 dialogues attended. CI2 = number of dialogues attended (0–5). Thresholds: Optimistic ≥60, Baseline 30–59, Pessimistic <30.",attendance_assumption.csv
Stakeholder alignment with U.S. focus areas,,Malaysia,2025-08-08,Malaysia attended 1/5 recIze3I0sDtjtxap dialogues,pessimistic,"CI1 = % of last 5 dialogues attended. CI2 = number of dialogues attended (0–5). Thresholds: Optimistic ≥60, Baseline 30–59, Pessimistic <30.",attendance_assumption.csv
Stakeholder alignment with U.S. focus areas,,New Zealand,2025-08-08,New Zealand attended 1/5 recIze3I0sDtjtxap dialogues,pessimistic,"CI1 = % of last 5 dialogues attended. CI2 = number of dialogues attended (0–5). Thresholds: Optimistic ≥60, Baseline 30–59, Pessimistic <30.",attendance_assumption.csv
Stakeholder alignment with U.S. focus areas,,Other,2025-08-08,Other attended 2/5 recIze3I0sDtjtxap dialogues,baseline,"CI1 = % of last 5 dialogues attended. CI2 = number of dialogues attended (0–5). Thresholds: Optimistic ≥60, Baseline 30–59, Pessimistic <30.",attendance_assumption.csv
Stakeholder alignment with U.S. focus areas,,People's Republic of China,2025-08-08,People's Republic of China attended 1/5 recIze3I0sDtjtxap dialogues,pessimistic,"CI1 = % of last 5 dialogues attended. CI2 = number of dialogues attended (0–5). Thresholds: Optimistic ≥60, Baseline 30–59, Pessimistic <30.",attendance_assumption.csv
Stakeholder alignment with U.S. focus areas,,Peru,2025-08-08,Peru attended 1/5 recIze3I0sDtjtxap dialogues,pessimistic,"CI1 = % of last 5 dialogues attended. CI2 = number of dialogues attended (0–5). Thresholds: Optimistic ≥60, Baseline 30–59, Pessimistic <30.",attendance_assumption.csv
Stakeholder alignment with U.S. focus areas,,Republic of Korea,2025-08-05,Republic of Korea attended 1/5 recIze3I0sDtjtxap dialogues,pessimistic,"CI1 = % of last 5 dialogues attended. CI2 = number of dialogues attended (0–5). Thresholds: Optimistic ≥60, Baseline 30–59, Pessimistic <30.",attendance_assumption.csv
Stakeholder alignment with U.S. focus areas,,Singapore,2025-08-05,Singapore attended 1/5 recIze3I0sDtjtxap dialogues,pessimistic,"CI1 = % of last 5 dialogues attended. CI2 = number of dialogues attended (0–5). Thresholds: Optimistic ≥60, Baseline 30–59, Pessimistic <30.",attendance_assumption.csv
Stakeholder alignment with U.S. focus areas,,Thailand,2025-08-08,Thailand attended 2/5 recIze3I0sDtjtxap dialogues,baseline,"CI1 = % of last 5 dialogues attended. CI2 = number of dialogues attended (0–5). Thresholds: Optimistic ≥60, Baseline 30–59, Pessimistic <30.",attendance_assumption.csv
Stakeholder alignment with U.S. focus areas,,The Philippines,2025-08-08,The Philippines attended 2/5 recIze3I0sDtjtxap dialogues,baseline,"CI1 = % of last 5 dialogues attended. CI2 = number of dialogues attended (0–5). Thresholds: Optimistic ≥60, Baseline 30–59, Pessimistic <30.",attendance_assumption.csv
Stakeholder alignment with U.S. focus areas,,APEC (aggregate),2025-07-30,Average 7.3 economies represented (last 5 recO6Wye9q46CaYxb dialogues),baseline,"CI1 = % economies represented. CI2 = average number of economies. Thresholds: Optimistic ≥60, Baseline 30–59, Pessimistic <30.",attendance_assumption.csv
Stakeholder alignment with U.S. focus areas,,Australia,2025-07-28,Australia attended 2/5 recO6Wye9q46CaYxb dialogues,baseline,"CI1 = % of last 5 dialogues attended. CI2 = number of dialogues attended (0–5). Thresholds: Optimistic ≥60, Baseline 30–59, Pessimistic <30.",attendance_assumption.csv
Stakeholder alignment with U.S. focus areas,,Canada,2025-07-28,Canada attended 2/5 recO6Wye9q46CaYxb dialogues,baseline,"CI1 = % of last 5 dialogues attended. CI2 = number of dialogues attended (0–5). Thresholds: Optimistic ≥60, Baseline 30–59, Pessimistic <30.",attendance_assumption.csv
Stakeholder alignment with U.S. focus areas,,Chinese Taipei,2025-07-30,Chinese Taipei attended 1/5 recO6Wye9q46CaYxb dialogues,pessimistic,"CI1 = % of last 5 dialogues attended. CI2 = number of dialogues attended (0–5). Thresholds: Optimistic ≥60, Baseline 30–59, Pessimistic <30.",attendance_assumption.csv
Stakeholder alignment with U.S. focus areas,,Indonesia,2025-07-27,Indonesia attended 1/5 recO6Wye9q46CaYxb dialogues,pessimistic,"CI1 = % of last 5 dialogues attended. CI2 = number of dialogues attended (0–5). Thresholds: Optimistic ≥60, Baseline 30–59, Pessimistic <30.",attendance_assumption.csv
Stakeholder alignment with U.S. focus areas,,Malaysia,2025-07-28,Malaysia attended 2/5 recO6Wye9q46CaYxb dialogues,baseline,"CI1 = % of last 5 dialogues attended. CI2 = number of dialogues attended (0–5). Thresholds: Optimistic ≥60, Baseline 30–59, Pessimistic <30.",attendance_assumption.csv
Stakeholder alignment with U.S. focus areas,,New Zealand,2025-07-27,New Zealand attended 1/5 recO6Wye9q46CaYxb dialogues,pessimistic,"CI1 = % of last 5 dialogues attended. CI2 = number of dialogues attended (0–5). Thresholds: Optimistic ≥60, Baseline 30–59, Pessimistic <30.",attendance_assumption.csv
Stakeholder alignment with U.S. focus areas,,Other,2025-07-28,Other attended 2/5 recO6Wye9q46CaYxb dialogues,baseline,"CI1 = % of last 5 dialogues attended. CI2 = number of dialogues attended (0–5). Thresholds: Optimistic ≥60, Baseline 30–59, Pessimistic <30.",attendance_assumption.csv
Stakeholder alignment with U.S. focus areas,,Papua New Guinea,2025-07-27,Papua New Guinea attended 1/5 recO6Wye9q46CaYxb dialogues,pessimistic,"CI1 = % of last 5 dialogues attended. CI2 = number of dialogues attended (0–5). Thresholds: Optimistic ≥60, Baseline 30–59, Pessimistic <30.",attendance_assumption.csv
Stakeholder alignment with U.S. focus areas,,People's Republic of China,2025-07-28,People's Republic of China attended 2/5 recO6Wye9q46CaYxb dialogues,baseline,"CI1 = % of last 5 dialogues attended. CI2 = number of dialogues attended (0–5). Thresholds: Optimistic ≥60, Baseline 30–59, Pessimistic <30.",attendance_assumption.csv
Stakeholder alignment with U.S. focus areas,,Republic of Korea,2025-07-27,Republic of Korea attended 1/5 recO6Wye9q46CaYxb dialogues,pessimistic,"CI1 = % of last 5 dialogues attended. CI2 = number of dialogues attended (0–5). Thresholds: Optimistic ≥60, Baseline 30–59, Pessimistic <30.",attendance_assumption.csv
Stakeholder alignment with U.S. focus areas,,Singapore,2025-07-27,Singapore attended 1/5 recO6Wye9q46CaYxb dialogues,pessimistic,"CI1 = % of last 5 dialogues attended. CI2 = number of dialogues attended (0–5). Thresholds: Optimistic ≥60, Baseline 30–59, Pessimistic <30.",attendance_assumption.csv
Stakeholder alignment with U.S. focus areas,,Thailand,2025-07-30,Thailand attended 2/5 recO6Wye9q46CaYxb dialogues,baseline,"CI1 = % of last 5 dialogues attended. CI2 = number of dialogues attended (0–5). Thresholds: Optimistic ≥60, Baseline 30–59, Pessimistic <30.",attendance_assumption.csv
Stakeholder alignment with U.S. focus areas,,The Philippines,2025-07-27,The Philippines attended 1/5 recO6Wye9q46CaYxb dialogues,pessimistic,"CI1 = % of last 5 dialogues attended. CI2 = number of dialogues attended (0–5). Thresholds: Optimistic ≥60, Baseline 30–59, Pessimistic <30.",attendance_assumption.csv
Stakeholder alignment with U.S. focus areas,,United States of America,2025-07-30,United States of America attended 2/5 recO6Wye9q46CaYxb dialogues,baseline,"CI1 = % of last 5 dialogues attended. CI2 = number of dialogues attended (0–5). Thresholds: Optimistic ≥60, Baseline 30–59, Pessimistic <30.",attendance_assumption.csv
Stakeholder alignment with U.S. focus areas,,Viet Nam,2025-07-27,Viet Nam attended 1/5 recO6Wye9q46CaYxb dialogues,pessimistic,"CI1 = % of last 5 dialogues attended. CI2 = number of dialogues attended (0–5). Thresholds: Optimistic ≥60, Baseline 30–59, Pessimistic <30.",attendance_assumption.csv
Stakeholder alignment with U.S. focus areas,,APEC (aggregate),2025-08-02,Average 11.0 economies represented (last 5 reckuD4pDTWtZesJN dialogues),baseline,"CI1 = % economies represented. CI2 = average number of economies. Thresholds: Optimistic ≥60, Baseline 30–59, Pessimistic <30.",attendance_assumption.csv
Stakeholder alignment with U.S. focus areas,,Chile,2025-08-02,Chile attended 2/5 reckuD4pDTWtZesJN dialogues,baseline,"CI1 = % of last 5 dialogues attended. CI2 = number of dialogues attended (0–5). Thresholds: Optimistic ≥60, Baseline 30–59, Pessimistic <30.",attendance_assumption.csv
Stakeholder alignment with U.S. focus areas,,Chinese Taipei,2025-08-02,Chinese Taipei attended 2/5 reckuD4pDTWtZesJN dialogues,baseline,"CI1 = % of last 5 dialogues attended. CI2 = number of dialogues attended (0–5). Thresholds: Optimistic ≥60, Baseline 30–59, Pessimistic <30.",attendance_assumption.csv
Stakeholder alignment with U.S. focus areas,,"Hong Kong, China",2025-08-02,"Hong Kong, China attended 1/5 reckuD4pDTWtZesJN dialogues",pessimistic,"CI1 = % of last 5 dialogues attended. CI2 = number of dialogues attended (0–5). Thresholds: Optimistic ≥60, Baseline 30–59, Pessimistic <30.",attendance_assumption.csv
Stakeholder alignment with U.S. focus areas,,Indonesia,2025-08-02,Indonesia attended 2/5 reckuD4pDTWtZesJN dialogues,baseline,"CI1 = % of last 5 dialogues attended. CI2 = number of dialogues attended (0–5). Thresholds: Optimistic ≥60, Baseline 30–59, Pessimistic <30.",attendance_assumption.csv
Stakeholder alignment with U.S. focus areas,,Japan,2025-08-02,Japan attended 2/5 reckuD4pDTWtZesJN dialogues,baseline,"CI1 = % of last 5 dialogues attended. CI2 = number of dialogues attended (0–5). Thresholds: Optimistic ≥60, Baseline 30–59, Pessimistic <30.",attendance_assumption.csv
Stakeholder alignment with U.S. focus areas,,Other,2025-08-02,Other attended 2/5 reckuD4pDTWtZesJN dialogues,baseline,"CI1 = % of last 5 dialogues attended. CI2 = number of dialogues attended (0–5). Thresholds: Optimistic ≥60, Baseline 30–59, Pessimistic <30.",attendance_assumption.csv
Stakeholder alignment with U.S. focus areas,,Papua New Guinea,2025-08-02,Papua New Guinea attended 2/5 reckuD4pDTWtZesJN dialogues,baseline,"CI1 = % of last 5 dialogues attended. CI2 = number of dialogues attended (0–5). Thresholds: Optimistic ≥60, Baseline 30–59, Pessimistic <30.",attendance_assumption.csv
Stakeholder alignment with U.S. focus areas,,Peru,2025-08-02,Peru attended 1/5 reckuD4pDTWtZesJN dialogues,pessimistic,"CI1 = % of last 5 dialogues attended. CI2 = number of dialogues attended (0–5). Thresholds: Optimistic ≥60, Baseline 30–59, Pessimistic <30.",attendance_assumption.csv
Stakeholder alignment with U.S. focus areas,,Thailand,2025-08-02,Thailand attended 2/5 reckuD4pDTWtZesJN dialogues,baseline,"CI1 = % of last 5 dialogues attended. CI2 = number of dialogues attended (0–5). Thresholds: Optimistic ≥60, Baseline 30–59, Pessimistic <30.",attendance_assumption.csv
Stakeholder alignment with U.S. focus areas,,The Philippines,2025-08-02,The Philippines attended 2/5 reckuD4pDTWtZesJN dialogues,baseline,"CI1 = % of last 5 dialogues attended. CI2 = number of dialogues attended (0–5). Thresholds: Optimistic ≥60, Baseline 30–59, Pessimistic <30.",attendance_assumption.csv
Stakeholder alignment with U.S. focus areas,,United States of America,2025-08-02,United States of America attended 2/5 reckuD4pDTWtZesJN dialogues,baseline,"CI1 = % of last 5 dialogues attended. CI2 = number of dialogues attended (0–5). Thresholds: Optimistic ≥60, Baseline 30–59, Pessimistic <30.",attendance_assumption.csv
Stakeholder alignment with U.S. focus areas,,Viet Nam,2025-08-02,Viet Nam attended 2/5 reckuD4pDTWtZesJN dialogues,baseline,"CI1 = % of last 5 dialogues attended. CI2 = number of dialogues attended (0–5). Thresholds: Optimistic ≥60, Baseline 30–59, Pessimistic <30.",attendance_assumption.csv
Stakeholder alignment with U.S. focus areas,,APEC (aggregate),2025-07-29,Average 14.0 economies represented (last 5 recqvqMEpTfZTKevx dialogues),optimistic,"CI1 = % economies represented. CI2 = average number of economies. Thresholds: Optimistic ≥60, Baseline 30–59, Pessimistic <30.",attendance_assumption.csv
Stakeholder alignment with U.S. focus areas,,Australia,2025-07-28,Australia attended 1/5 recqvqMEpTfZTKevx dialogues,pessimistic,"CI1 = % of last 5 dialogues attended. CI2 = number of dialogues attended (0–5). Thresholds: Optimistic ≥60, Baseline 30–59, Pessimistic <30.",attendance_assumption.csv
Stakeholder alignment with U.S. focus areas,,Canada,2025-07-28,Canada attended 1/5 recqvqMEpTfZTKevx dialogues,pessimistic,"CI1 = % of last 5 dialogues attended. CI2 = number of dialogues attended (0–5). Thresholds: Optimistic ≥60, Baseline 30–59, Pessimistic <30.",attendance_assumption.csv
Stakeholder alignment with U.S. focus areas,,Chile,2025-07-29,Chile attended 2/5 recqvqMEpTfZTKevx dialogues,baseline,"CI1 = % of last 5 dialogues attended. CI2 = number of dialogues attended (0–5). Thresholds: Optimistic ≥60, Baseline 30–59, Pessimistic <30.",attendance_assumption.csv
Stakeholder alignment with U.S. focus areas,,Indonesia,2025-07-29,Indonesia attended 2/5 recqvqMEpTfZTKevx dialogues,baseline,"CI1 = % of last 5 dialogues attended. CI2 = number of dialogues attended (0–5). Thresholds: Optimistic ≥60, Baseline 30–59, Pessimistic <30.",attendance_assumption.csv
Stakeholder alignment with U.S. focus areas,,Malaysia,2025-07-29,Malaysia attended 2/5 recqvqMEpTfZTKevx dialogues,baseline,"CI1 = % of last 5 dialogues attended. CI2 = number of dialogues attended (0–5). Thresholds: Optimistic ≥60, Baseline 30–59, Pessimistic <30.",attendance_assumption.csv
Stakeholder alignment with U.S. focus areas,,Mexico,2025-07-29,Mexico attended 2/5 recqvqMEpTfZTKevx dialogues,baseline,"CI1 = % of last 5 dialogues attended. CI2 = number of dialogues attended (0–5). Thresholds: Optimistic ≥60, Baseline 30–59, Pessimistic <30.",attendance_assumption.csv
Stakeholder alignment with U.S. focus areas,,Other,2025-07-29,Other attended 2/5 recqvqMEpTfZTKevx dialogues,baseline,"CI1 = % of last 5 dialogues attended. CI2 = number of dialogues attended (0–5). Thresholds: Optimistic ≥60, Baseline 30–59, Pessimistic <30.",attendance_assumption.csv
Stakeholder alignment with U.S. focus areas,,People's Republic of China,2025-07-29,People's Republic of China attended 2/5 recqvqMEpTfZTKevx dialogues,baseline,"CI1 = % of last 5 dialogues attended. CI2 = number of dialogues attended (0–5). Thresholds: Optimistic ≥60, Baseline 30–59, Pessimistic <30.",attendance_assumption.csv
Stakeholder alignment with U.S. focus areas,,Peru,2025-07-29,Peru attended 2/5 recqvqMEpTfZTKevx dialogues,baseline,"CI1 = % of last 5 dialogues attended. CI2 = number of dialogues attended (0–5). Thresholds: Optimistic ≥60, Baseline 30–59, Pessimistic <30.",attendance_assumption.csv
Stakeholder alignment with U.S. focus areas,,Republic of Korea,2025-07-29,Republic of Korea attended 2/5 recqvqMEpTfZTKevx dialogues,baseline,"CI1 = % of last 5 dialogues attended. CI2 = number of dialogues attended (0–5). Thresholds: Optimistic ≥60, Baseline 30–59, Pessimistic <30.",attendance_assumption.csv
Stakeholder alignment with U.S. focus areas,,Singapore,2025-07-29,Singapore attended 2/5 recqvqMEpTfZTKevx dialogues,baseline,"CI1 = % of last 5 dialogues attended. CI2 = number of dialogues attended (0–5). Thresholds: Optimistic ≥60, Baseline 30–59, Pessimistic <30.",attendance_assumption.csv
Stakeholder alignment with U.S. focus areas,,Thailand,2025-07-29,Thailand attended 2/5 recqvqMEpTfZTKevx dialogues,baseline,"CI1 = % of last 5 dialogues attended. CI2 = number of dialogues attended (0–5). Thresholds: Optimistic ≥60, Baseline 30–59, Pessimistic <30.",attendance_assumption.csv
Stakeholder alignment with U.S. focus areas,,The Philippines,2025-07-29,The Philippines attended 2/5 recqvqMEpTfZTKevx dialogues,baseline,"CI1 = % of last 5 dialogues attended. CI2 = number of dialogues attended (0–5). Thresholds: Optimistic ≥60, Baseline 30–59, Pessimistic <30.",attendance_assumption.csv
Stakeholder alignment with U.S. focus areas,,United States of America,2025-07-29,United States of America attended 2/5 recqvqMEpTfZTKevx dialogues,baseline,"CI1 = % of last 5 dialogues attended. CI2 = number of dialogues attended (0–5). Thresholds: Optimistic ≥60, Baseline 30–59, Pessimistic <30.",attendance_assumption.csv
Stakeholder alignment with U.S. focus areas,,Viet Nam,2025-07-29,Viet Nam attended 2/5 recqvqMEpTfZTKevx dialogues,baseline,"CI1 = % of last 5 dialogues attended. CI2 = number of dialogues attended (0–5). Thresholds: Optimistic ≥60, Baseline 30–59, Pessimistic <30.",attendance_assumption.csv
Stakeholder alignment with U.S. focus areas,,APEC (aggregate),2025-08-09,Average 8.0 economies represented (last 5 recx8jdfEcebA5nAS dialogues),baseline,"CI1 = % economies represented. CI2 = average number of economies. Thresholds: Optimistic ≥60, Baseline 30–59, Pessimistic <30.",attendance_assumption.csv
Stakeholder alignment with U.S. focus areas,,Australia,2025-08-09,Australia attended 1/5 recx8jdfEcebA5nAS dialogues,pessimistic,"CI1 = % of last 5 dialogues attended. CI2 = number of dialogues attended (0–5). Thresholds: Optimistic ≥60, Baseline 30–59, Pessimistic <30.",attendance_assumption.csv
Stakeholder alignment with U.S. focus areas,,Canada,2025-08-09,Canada attended 1/5 recx8jdfEcebA5nAS dialogues,pessimistic,"CI1 = % of last 5 dialogues attended. CI2 = number of dialogues attended (0–5). Thresholds: Optimistic ≥60, Baseline 30–59, Pessimistic <30.",attendance_assumption.csv
Stakeholder alignment with U.S. focus areas,,Chile,2025-08-09,Chile attended 1/5 recx8jdfEcebA5nAS dialogues,pessimistic,"CI1 = % of last 5 dialogues attended. CI2 = number of dialogues attended (0–5). Thresholds: Optimistic ≥60, Baseline 30–59, Pessimistic <30.",attendance_assumption.csv
Stakeholder alignment with U.S. focus areas,,Indonesia,2025-08-09,Indonesia attended 1/5 recx8jdfEcebA5nAS dialogues,pessimistic,"CI1 = % of last 5 dialogues attended. CI2 = number of dialogues attended (0–5). Thresholds: Optimistic ≥60, Baseline 30–59, Pessimistic <30.",attendance_assumption.csv
Stakeholder alignment with U.S. focus areas,,Other,2025-08-09,Other attended 1/5 recx8jdfEcebA5nAS dialogues,pessimistic,"CI1 = % of last 5 dialogues attended. CI2 = number of dialogues attended (0–5). Thresholds: Optimistic ≥60, Baseline 30–59, Pessimistic <30.",attendance_assumption.csv
Stakeholder alignment with U.S. focus areas,,Papua New Guinea,2025-08-09,Papua New Guinea attended 1/5 recx8jdfEcebA5nAS dialogues,pessimistic,"CI1 = % of last 5 dialogues attended. CI2 = number of dialogues attended (0–5). Thresholds: Optimistic ≥60, Baseline 30–59, Pessimistic <30.",attendance_assumption.csv
Stakeholder alignment with U.S. focus areas,,Thailand,2025-08-09,Thailand attended 1/5 recx8jdfEcebA5nAS dialogues,pessimistic,"CI1 = % of last 5 dialogues attended. CI2 = number of dialogues attended (0–5). Thresholds: Optimistic ≥60, Baseline 30–59, Pessimistic <30.",attendance_assumption.csv
Stakeholder alignment with U.S. focus areas,,The Philippines,2025-08-09,The Philippines attended 1/5 recx8jdfEcebA5nAS dialogues,pessimistic,"CI1 = % of last 5 dialogues attended. CI2 = number of dialogues attended (0–5). Thresholds: Optimistic ≥60, Baseline 30–59, Pessimistic <30.",attendance_assumption.csv
Political and institutional continuity,,Australia,2025-08-06,Australia attended 1/5 most recent dialogues,pessimistic,"CI1 = % of last 5 dialogues attended. CI2 = number of dialogues attended (0–5). Thresholds: Optimistic ≥60, Baseline 30–59, Pessimistic <30.",attendance_continuity_assumption.csv
Political and institutional continuity,,Brunei Darussalam,2025-08-06,Brunei Darussalam attended 1/5 most recent dialogues,pessimistic,"CI1 = % of last 5 dialogues attended. CI2 = number of dialogues attended (0–5). Thresholds: Optimistic ≥60, Baseline 30–59, Pessimistic <30.",attendance_continuity_assumption.csv
Political and institutional continuity,,Canada,2025-08-06,Canada attended 2/5 most recent dialogues,baseline,"CI1 = % of last 5 dialogues attended. CI2 = number of dialogues attended (0–5). Thresholds: Optimistic ≥60, Baseline 30–59, Pessimistic <30.",attendance_continuity_assumption.csv
Political and institutional continuity,,Chile,2025-08-06,Chile attended 2/5 most recent dialogues,baseline,"CI1 = % of last 5 dialogues attended. CI2 = number of dialogues attended (0–5). Thresholds: Optimistic ≥60, Baseline 30–59, Pessimistic <30.",attendance_continuity_assumption.csv
Political and institutional continuity,,China,2025-08-06,China attended 1/5 most recent dialogues,pessimistic,"CI1 = % of last 5 dialogues attended. CI2 = number of dialogues attended (0–5). Thresholds: Optimistic ≥60, Baseline 30–59, Pessimistic <30.",attendance_continuity_assumption.csv
Political and institutional continuity,,Chinese Taipei,2025-08-06,Chinese Taipei attended 2/5 most recent dialogues,baseline,"CI1 = % of last 5 dialogues attended. CI2 = number of dialogues attended (0–5). Thresholds: Optimistic ≥60, Baseline 30–59, Pessimistic <30.",attendance_continuity_assumption.csv
Political and institutional continuity,,Hong Kong,2025-08-06,Hong Kong attended 1/5 most recent dialogues,pessimistic,"CI1 = % of last 5 dialogues attended. CI2 = number of dialogues attended (0–5). Thresholds: Optimistic ≥60, Baseline 30–59, Pessimistic <30.",attendance_continuity_assumption.csv
Political and institutional continuity,,Japan,2025-08-06,Japan attended 2/5 most recent dialogues,baseline,"CI1 = % of last 5 dialogues attended. CI2 = number of dialogues attended (0–5). Thresholds: Optimistic ≥60, Baseline 30–59, Pessimistic <30.",attendance_continuity_assumption.csv
Political and institutional continuity,,Malaysia,2025-08-06,Malaysia attended 2/5 most recent dialogues,baseline,"CI1 = % of last 5 dialogues attended. CI2 = number of dialogues attended (0–5). Thresholds: Optimistic ≥60, Baseline 30–59, Pessimistic <30.",attendance_continuity_assumption.csv
Political and institutional continuity,,Other,2025-08-06,Other attended 2/5 most recent dialogues,baseline,"CI1 = % of last 5 dialogues attended. CI2 = number of dialogues attended (0–5). Thresholds: Optimistic ≥60, Baseline 30–59, Pessimistic <30.",attendance_continuity_assumption.csv
Political and institutional continuity,,Papua New Guinea,2025-08-06,Papua New Guinea attended 1/5 most recent dialogues,pessimistic,"CI1 = % of last 5 dialogues attended. CI2 = number of dialogues attended (0–5). Thresholds: Optimistic ≥60, Baseline 30–59, Pessimistic <30.",attendance_continuity_assumption.csv
Political and institutional continuity,,People's Republic of China,2025-08-06,People's Republic of China attended 1/5 most recent dialogues,pessimistic,"CI1 = % of last 5 dialogues attended. CI2 = number of dialogues attended (0–5). Thresholds: Optimistic ≥60, Baseline 30–59, Pessimistic <30.",attendance_continuity_assumption.csv
Political and institutional continuity,,Peru,2025-08-06,Peru attended 1/5 most recent dialogues,pessimistic,"CI1 = % of last 5 dialogues attended. CI2 = number of dialogues attended (0–5). Thresholds: Optimistic ≥60, Baseline 30–59, Pessimistic <30.",attendance_continuity_assumption.csv
Political and institutional continuity,,Republic of Korea,2025-08-06,Republic of Korea attended 2/5 most recent dialogues,baseline,"CI1 = % of last 5 dialogues attended. CI2 = number of dialogues attended (0–5). Thresholds: Optimistic ≥60, Baseline 30–59, Pessimistic <30.",attendance_continuity_assumption.csv
Political and institutional continuity,,Russia,2025-08-06,Russia attended 1/5 most recent dialogues,pessimistic,"CI1 = % of last 5 dialogues attended. CI2 = number of dialogues attended (0–5). Thresholds: Optimistic ≥60, Baseline 30–59, Pessimistic <30.",attendance_continuity_assumption.csv
Political and institutional continuity,,Singapore,2025-08-06,Singapore attended 1/5 most recent dialogues,pessimistic,"CI1 = % of last 5 dialogues attended. CI2 = number of dialogues attended (0–5). Thresholds: Optimistic ≥60, Baseline 30–59, Pessimistic <30.",attendance_continuity_assumption.csv
Political and institutional continuity,,The Philippines,2025-08-06,The Philippines attended 1/5 most recent dialogues,pessimistic,"CI1 = % of last 5 dialogues attended. CI2 = number of dialogues attended (0–5). Thresholds: Optimistic ≥60, Baseline 30–59, Pessimistic <30.",attendance_continuity_assumption.csv
Political and institutional continuity,,United States of America,2025-08-06,United States of America attended 2/5 most recent dialogues,baseline,"CI1 = % of last 5 dialogues attended. CI2 = number of dialogues attended (0–5). Thresholds: Optimistic ≥60, Baseline 30–59, Pessimistic <30.",attendance_continuity_assumption.csv
Political and institutional continuity,,APEC (aggregate),2025-08-06,"On average, economies attended 1.4/5 recent dialogues",pessimistic,"CI1 = % of last 5 dialogues attended (aggregate). CI2 = average number attended. Thresholds: Optimistic ≥60, Baseline 30–59, Pessimistic <30.",attendance_continuity_assumption.csv
Stakeholder alignment with U.S. focus areas,,APEC (aggregate),2025-09-21,86% average relevance,optimistic,"CI1 = average score (0–100). CI2 = # responses. Thresholds: ≥60 optimistic, 30–59 baseline, <30 pessimistic.",feedback_assumption.csv
Stakeholder alignment with U.S. focus areas,,APEC (aggregate),2025-09-21,79% average knowledge gain,optimistic,"CI1 = average score (0–100). CI2 = # responses. Thresholds: ≥60 optimistic, 30–59 baseline, <30 pessimistic.",feedback_assumption.csv
Stakeholder alignment with U.S. focus areas,,APEC (aggregate),2025-09-21,74% average application intent,optimistic,"CI1 = average score (0–100). CI2 = # responses. Thresholds: ≥60 optimistic, 30–59 baseline, <30 pessimistic.",feedback_assumption.csv
Stakeholder alignment with U.S. focus areas,,APEC (aggregate),2025-09-21,90% average sharing intent,optimistic,"CI1 = average score (0–100). CI2 = # responses. Thresholds: ≥60 optimistic, 30–59 baseline, <30 pessimistic.",feedback_assumption.csv
Stakeholder alignment with U.S. focus areas,,APEC (aggregate),2025-09-21,Composite feedback score = 83%,optimistic,"CI1 = composite score (0–100). CI2 = total participants. Thresholds: ≥60 optimistic, 30–59 baseline, <30 pessimistic.",feedback_assumption.csv
Stakeholder alignment with U.S. focus areas,,australia,2025-09-21,89% average relevance,optimistic,"CI1 = average score (0–100). CI2 = # responses. Thresholds: ≥60 optimistic, 30–59 baseline, <30 pessimistic.",feedback_assumption.csv
Stakeholder alignment with U.S. focus areas,,australia,2025-09-21,82% average knowledge gain,optimistic,"CI1 = average score (0–100). CI2 = # responses. Thresholds: ≥60 optimistic, 30–59 baseline, <30 pessimistic.",feedback_assumption.csv
Stakeholder alignment with U.S. focus areas,,australia,2025-09-21,64% average application intent,optimistic,"CI1 = average score (0–100). CI2 = # responses. Thresholds: ≥60 optimistic, 30–59 baseline, <30 pessimistic.",feedback_assumption.csv
Stakeholder alignment with U.S. focus areas,,australia,2025-09-21,93% average sharing intent,optimistic,"CI1 = average score (0–100). CI2 = # responses. Thresholds: ≥60 optimistic, 30–59 baseline, <30 pessimistic.",feedback_assumption.csv
Stakeholder alignment with U.S. focus areas,,australia,2025-09-21,Composite feedback score = 82%,optimistic,"CI1 = composite score (0–100). CI2 = total participants. Thresholds: ≥60 optimistic, 30–59 baseline, <30 pessimistic.",feedback_assumption.csv
Stakeholder alignment with U.S. focus areas,,canada,2025-09-21,92% average relevance,optimistic,"CI1 = average score (0–100). CI2 = # responses. Thresholds: ≥60 optimistic, 30–59 baseline, <30 pessimistic.",feedback_assumption.csv
Stakeholder alignment with U.S. focus areas,,canada,2025-09-21,67% average knowledge gain,optimistic,"CI1 = average score (0–100). CI2 = # responses. Thresholds: ≥60 optimistic, 30–59 baseline, <30 pessimistic.",feedback_assumption.csv
Stakeholder alignment with U.S. focus areas,,canada,2025-09-21,78% average application intent,optimistic,"CI1 = average score (0–100). CI2 = # responses. Thresholds: ≥60 optimistic, 30–59 baseline, <30 pessimistic.",feedback_assumption.csv
Stakeholder alignment with U.S. focus areas,,canada,2025-09-21,100% average sharing intent,optimistic,"CI1 = average score (0–100). CI2 = # responses. Thresholds: ≥60 optimistic, 30–59 baseline, <30 pessimistic.",feedback_assumption.csv
Stakeholder alignment with U.S. focus areas,,canada,2025-09-21,Composite feedback score = 84%,optimistic,"CI1 = composite score (0–100). CI2 = total participants. Thresholds: ≥60 optimistic, 30–59 baseline, <30 pessimistic.",feedback_assumption.csv
Stakeholder alignment with U.S. focus areas,,chile,2025-09-21,90% average relevance,optimistic,"CI1 = average score (0–100). CI2 = # responses. Thresholds: ≥60 optimistic, 30–59 baseline, <30 pessimistic.",feedback_assumption.csv
Stakeholder alignment with U.S. focus areas,,chile,2025-09-21,81% average knowledge gain,optimistic,"CI1 = average score (0–100). CI2 = # responses. Thresholds: ≥60 optimistic, 30–59 baseline, <30 pessimistic.",feedback_assumption.csv
Stakeholder alignment with U.S. focus areas,,chile,2025-09-21,71% average application intent,optimistic,"CI1 = average score (0–100). CI2 = # responses. Thresholds: ≥60 optimistic, 30–59 baseline, <30 pessimistic.",feedback_assumption.csv
Stakeholder alignment with U.S. focus areas,,chile,2025-09-21,96% average sharing intent,optimistic,"CI1 = average score (0–100). CI2 = # responses. Thresholds: ≥60 optimistic, 30–59 baseline, <30 pessimistic.",feedback_assumption.csv
Stakeholder alignment with U.S. focus areas,,chile,2025-09-21,Composite feedback score = 84%,optimistic,"CI1 = composite score (0–100). CI2 = total participants. Thresholds: ≥60 optimistic, 30–59 baseline, <30 pessimistic.",feedback_assumption.csv
Stakeholder alignment with U.S. focus areas,,china,2025-09-21,83% average relevance,optimistic,"CI1 = average score (0–100). CI2 = # responses. Thresholds: ≥60 optimistic, 30–59 baseline, <30 pessimistic.",feedback_assumption.csv
Stakeholder alignment with U.S. focus areas,,china,2025-09-21,83% average knowledge gain,optimistic,"CI1 = average score (0–100). CI2 = # responses. Thresholds: ≥60 optimistic, 30–59 baseline, <30 pessimistic.",feedback_assumption.csv
Stakeholder alignment with U.S. focus areas,,china,2025-09-21,67% average application intent,optimistic,"CI1 = average score (0–100). CI2 = # responses. Thresholds: ≥60 optimistic, 30–59 baseline, <30 pessimistic.",feedback_assumption.csv
Stakeholder alignment with U.S. focus areas,,china,2025-09-21,83% average sharing intent,optimistic,"CI1 = average score (0–100). CI2 = # responses. Thresholds: ≥60 optimistic, 30–59 baseline, <30 pessimistic.",feedback_assumption.csv
Stakeholder alignment with U.S. focus areas,,china,2025-09-21,Composite feedback score = 79%,optimistic,"CI1 = composite score (0–100). CI2 = total participants. Thresholds: ≥60 optimistic, 30–59 baseline, <30 pessimistic.",feedback_assumption.csv
Stakeholder alignment with U.S. focus areas,,chinese taipei,2025-09-21,58% average relevance,baseline,"CI1 = average score (0–100). CI2 = # responses. Thresholds: ≥60 optimistic, 30–59 baseline, <30 pessimistic.",feedback_assumption.csv
Stakeholder alignment with U.S. focus areas,,chinese taipei,2025-09-21,62% average knowledge gain,optimistic,"CI1 = average score (0–100). CI2 = # responses. Thresholds: ≥60 optimistic, 30–59 baseline, <30 pessimistic.",feedback_assumption.csv
Stakeholder alignment with U.S. focus areas,,chinese taipei,2025-09-21,42% average application intent,baseline,"CI1 = average score (0–100). CI2 = # responses. Thresholds: ≥60 optimistic, 30–59 baseline, <30 pessimistic.",feedback_assumption.csv
Stakeholder alignment with U.S. focus areas,,chinese taipei,2025-09-21,92% average sharing intent,optimistic,"CI1 = average score (0–100). CI2 = # responses. Thresholds: ≥60 optimistic, 30–59 baseline, <30 pessimistic.",feedback_assumption.csv
Stakeholder alignment with U.S. focus areas,,chinese taipei,2025-09-21,Composite feedback score = 64%,optimistic,"CI1 = composite score (0–100). CI2 = total participants. Thresholds: ≥60 optimistic, 30–59 baseline, <30 pessimistic.",feedback_assumption.csv
Stakeholder alignment with U.S. focus areas,,"hong kong, china",2025-09-21,75% average relevance,optimistic,"CI1 = average score (0–100). CI2 = # responses. Thresholds: ≥60 optimistic, 30–59 baseline, <30 pessimistic.",feedback_assumption.csv
Stakeholder alignment with U.S. focus areas,,"hong kong, china",2025-09-21,75% average knowledge gain,optimistic,"CI1 = average score (0–100). CI2 = # responses. Thresholds: ≥60 optimistic, 30–59 baseline, <30 pessimistic.",feedback_assumption.csv
Stakeholder alignment with U.S. focus areas,,"hong kong, china",2025-09-21,25% average application intent,pessimistic,"CI1 = average score (0–100). CI2 = # responses. Thresholds: ≥60 optimistic, 30–59 baseline, <30 pessimistic.",feedback_assumption.csv
Stakeholder alignment with U.S. focus areas,,"hong kong, china",2025-09-21,50% average sharing intent,baseline,"CI1 = average score (0–100). CI2 = # responses. Thresholds: ≥60 optimistic, 30–59 baseline, <30 pessimistic.",feedback_assumption.csv
Stakeholder alignment with U.S. focus areas,,"hong kong, china",2025-09-21,Composite feedback score = 56%,baseline,"CI1 = composite score (0–100). CI2 = total participants. Thresholds: ≥60 optimistic, 30–59 baseline, <30 pessimistic.",feedback_assumption.csv
Stakeholder alignment with U.S. focus areas,,indonesia,2025-09-21,92% average relevance,optimistic,"CI1 = average score (0–100). CI2 = # responses. Thresholds: ≥60 optimistic, 30–59 baseline, <30 pessimistic.",feedback_assumption.csv
Stakeholder alignment with U.S. focus areas,,indonesia,2025-09-21,88% average knowledge gain,optimistic,"CI1 = average score (0–100). CI2 = # responses. Thresholds: ≥60 optimistic, 30–59 baseline, <30 pessimistic.",feedback_assumption.csv
Stakeholder alignment with U.S. focus areas,,indonesia,2025-09-21,88% average application intent,optimistic,"CI1 = average score (0–100). CI2 = # responses. Thresholds: ≥60 optimistic, 30–59 baseline, <30 pessimistic.",feedback_assumption.csv
Stakeholder alignment with U.S. focus areas,,indonesia,2025-09-21,88% average sharing intent,optimistic,"CI1 = average score (0–100). CI2 = # responses. Thresholds: ≥60 optimistic, 30–59 baseline, <30 pessimistic.",feedback_assumption.csv
Stakeholder alignment with U.S. focus areas,,indonesia,2025-09-21,Composite feedback score = 89%,optimistic,"CI1 = composite score (0–100). CI2 = total participants. Thresholds: ≥60 optimistic, 30–59 baseline, <30 pessimistic.",feedback_assumption.csv
Stakeholder alignment with U.S. focus areas,,japan,2025-09-21,58% average relevance,baseline,"CI1 = average score (0–100). CI2 = # responses. Thresholds: ≥60 optimistic, 30–59 baseline, <30 pessimistic.",feedback_assumption.csv
Stakeholder alignment with U.S. focus areas,,japan,2025-09-21,67% average knowledge gain,optimistic,"CI1 = average score (0–100). CI2 = # responses. Thresholds: ≥60 optimistic, 30–59 baseline, <30 pessimistic.",feedback_assumption.csv
Stakeholder alignment with U.S. focus areas,,japan,2025-09-21,50% average application intent,baseline,"CI1 = average score (0–100). CI2 = # responses. Thresholds: ≥60 optimistic, 30–59 baseline, <30 pessimistic.",feedback_assumption.csv
Stakeholder alignment with U.S. focus areas,,japan,2025-09-21,83% average sharing intent,optimistic,"CI1 = average score (0–100). CI2 = # responses. Thresholds: ≥60 optimistic, 30–59 baseline, <30 pessimistic.",feedback_assumption.csv
Stakeholder alignment with U.S. focus areas,,japan,2025-09-21,Composite feedback score = 65%,optimistic,"CI1 = composite score (0–100). CI2 = total participants. Thresholds: ≥60 optimistic, 30–59 baseline, <30 pessimistic.",feedback_assumption.csv
Stakeholder alignment with U.S. focus areas,,malaysia,2025-09-21,81% average relevance,optimistic,"CI1 = average score (0–100). CI2 = # responses. Thresholds: ≥60 optimistic, 30–59 baseline, <30 pessimistic.",feedback_assumption.csv
Stakeholder alignment with U.S. focus areas,,malaysia,2025-09-21,75% average knowledge gain,optimistic,"CI1 = average score (0–100). CI2 = # responses. Thresholds: ≥60 optimistic, 30–59 baseline, <30 pessimistic.",feedback_assumption.csv
Stakeholder alignment with U.S. focus areas,,malaysia,2025-09-21,75% average application intent,optimistic,"CI1 = average score (0–100). CI2 = # responses. Thresholds: ≥60 optimistic, 30–59 baseline, <30 pessimistic.",feedback_assumption.csv
Stakeholder alignment with U.S. focus areas,,malaysia,2025-09-21,83% average sharing intent,optimistic,"CI1 = average score (0–100). CI2 = # responses. Thresholds: ≥60 optimistic, 30–59 baseline, <30 pessimistic.",feedback_assumption.csv
Stakeholder alignment with U.S. focus areas,,malaysia,2025-09-21,Composite feedback score = 79%,optimistic,"CI1 = composite score (0–100). CI2 = total participants. Thresholds: ≥60 optimistic, 30–59 baseline, <30 pessimistic.",feedback_assumption.csv
Stakeholder alignment with U.S. focus areas,,mexico,2025-09-21,88% average relevance,optimistic,"CI1 = average score (0–100). CI2 = # responses. Thresholds: ≥60 optimistic, 30–59 baseline, <30 pessimistic.",feedback_assumption.csv
Stakeholder alignment with U.S. focus areas,,mexico,2025-09-21,88% average knowledge gain,optimistic,"CI1 = average score (0–100). CI2 = # responses. Thresholds: ≥60 optimistic, 30–59 baseline, <30 pessimistic.",feedback_assumption.csv
Stakeholder alignment with U.S. focus areas,,mexico,2025-09-21,75% average application intent,optimistic,"CI1 = average score (0–100). CI2 = # responses. Thresholds: ≥60 optimistic, 30–59 baseline, <30 pessimistic.",feedback_assumption.csv
Stakeholder alignment with U.S. focus areas,,mexico,2025-09-21,100% average sharing intent,optimistic,"CI1 = average score (0–100). CI2 = # responses. Thresholds: ≥60 optimistic, 30–59 baseline, <30 pessimistic.",feedback_assumption.csv
Stakeholder alignment with U.S. focus areas,,mexico,2025-09-21,Composite feedback score = 88%,optimistic,"CI1 = composite score (0–100). CI2 = total participants. Thresholds: ≥60 optimistic, 30–59 baseline, <30 pessimistic.",feedback_assumption.csv
Stakeholder alignment with U.S. focus areas,,new zealand,2025-09-21,75% average relevance,optimistic,"CI1 = average score (0–100). CI2 = # responses. Thresholds: ≥60 optimistic, 30–59 baseline, <30 pessimistic.",feedback_assumption.csv
Stakeholder alignment with U.S. focus areas,,new zealand,2025-09-21,67% average knowledge gain,optimistic,"CI1 = average score (0–100). CI2 = # responses. Thresholds: ≥60 optimistic, 30–59 baseline, <30 pessimistic.",feedback_assumption.csv
Stakeholder alignment with U.S. focus areas,,new zealand,2025-09-21,67% average application intent,optimistic,"CI1 = average score (0–100). CI2 = # responses. Thresholds: ≥60 optimistic, 30–59 baseline, <30 pessimistic.",feedback_assumption.csv
Stakeholder alignment with U.S. focus areas,,new zealand,2025-09-21,83% average sharing intent,optimistic,"CI1 = average score (0–100). CI2 = # responses. Thresholds: ≥60 optimistic, 30–59 baseline, <30 pessimistic.",feedback_assumption.csv
Stakeholder alignment with U.S. focus areas,,new zealand,2025-09-21,Composite feedback score = 73%,optimistic,"CI1 = composite score (0–100). CI2 = total participants. Thresholds: ≥60 optimistic, 30–59 baseline, <30 pessimistic.",feedback_assumption.csv
Stakeholder alignment with U.S. focus areas,,other,2025-09-21,91% average relevance,optimistic,"CI1 = average score (0–100). CI2 = # responses. Thresholds: ≥60 optimistic, 30–59 baseline, <30 pessimistic.",feedback_assumption.csv
Stakeholder alignment with U.S. focus areas,,other,2025-09-21,77% average knowledge gain,optimistic,"CI1 = average score (0–100). CI2 = # responses. Thresholds: ≥60 optimistic, 30–59 baseline, <30 pessimistic.",feedback_assumption.csv
Stakeholder alignment with U.S. focus areas,,other,2025-09-21,73% average application intent,optimistic,"CI1 = average score (0–100). CI2 = # responses. Thresholds: ≥60 optimistic, 30–59 baseline, <30 pessimistic.",feedback_assumption.csv
Stakeholder alignment with U.S. focus areas,,other,2025-09-21,84% average sharing intent,optimistic,"CI1 = average score (0–100). CI2 = # responses. Thresholds: ≥60 optimistic, 30–59 baseline, <30 pessimistic.",feedback_assumption.csv
Stakeholder alignment with U.S. focus areas,,other,2025-09-21,Composite feedback score = 81%,optimistic,"CI1 = composite score (0–100). CI2 = total participants. Thresholds: ≥60 optimistic, 30–59 baseline, <30 pessimistic.",feedback_assumption.csv
Stakeholder alignment with U.S. focus areas,,papua new guinea,2025-09-21,96% average relevance,optimistic,"CI1 = average score (0–100). CI2 = # responses. Thresholds: ≥60 optimistic, 30–59 baseline, <30 pessimistic.",feedback_assumption.csv
Stakeholder alignment with U.S. focus areas,,papua new guinea,2025-09-21,92% average knowledge gain,optimistic,"CI1 = average score (0–100). CI2 = # responses. Thresholds: ≥60 optimistic, 30–59 baseline, <30 pessimistic.",feedback_assumption.csv
Stakeholder alignment with U.S. focus areas,,papua new guinea,2025-09-21,75% average application intent,optimistic,"CI1 = average score (0–100). CI2 = # responses. Thresholds: ≥60 optimistic, 30–59 baseline, <30 pessimistic.",feedback_assumption.csv
Stakeholder alignment with U.S. focus areas,,papua new guinea,2025-09-21,100% average sharing intent,optimistic,"CI1 = average score (0–100). CI2 = # responses. Thresholds: ≥60 optimistic, 30–59 baseline, <30 pessimistic.",feedback_assumption.csv
Stakeholder alignment with U.S. focus areas,,papua new guinea,2025-09-21,Composite feedback score = 91%,optimistic,"CI1 = composite score (0–100). CI2 = total participants. Thresholds: ≥60 optimistic, 30–59 baseline, <30 pessimistic.",feedback_assumption.csv
Stakeholder alignment with U.S. focus areas,,peru,2025-09-21,94% average relevance,optimistic,"CI1 = average score (0–100). CI2 = # responses. Thresholds: ≥60 optimistic, 30–59 baseline, <30 pessimistic.",feedback_assumption.csv
Stakeholder alignment with U.S. focus areas,,peru,2025-09-21,94% average knowledge gain,optimistic,"CI1 = average score (0–100). CI2 = # responses. Thresholds: ≥60 optimistic, 30–59 baseline, <30 pessimistic.",feedback_assumption.csv
Stakeholder alignment with U.S. focus areas,,peru,2025-09-21,88% average application intent,optimistic,"CI1 = average score (0–100). CI2 = # responses. Thresholds: ≥60 optimistic, 30–59 baseline, <30 pessimistic.",feedback_assumption.csv
Stakeholder alignment with U.S. focus areas,,peru,2025-09-21,94% average sharing intent,optimistic,"CI1 = average score (0–100). CI2 = # responses. Thresholds: ≥60 optimistic, 30–59 baseline, <30 pessimistic.",feedback_assumption.csv
Stakeholder alignment with U.S. focus areas,,peru,2025-09-21,Composite feedback score = 92%,optimistic,"CI1 = composite score (0–100). CI2 = total participants. Thresholds: ≥60 optimistic, 30–59 baseline, <30 pessimistic.",feedback_assumption.csv
Stakeholder alignment with U.S. focus areas,,republic of korea,2025-09-21,73% average relevance,optimistic,"CI1 = average score (0–100). CI2 = # responses. Thresholds: ≥60 optimistic, 30–59 baseline, <30 pessimistic.",feedback_assumption.csv
Stakeholder alignment with U.S. focus areas,,republic of korea,2025-09-21,73% average knowledge gain,optimistic,"CI1 = average score (0–100). CI2 = # responses. Thresholds: ≥60 optimistic, 30–59 baseline, <30 pessimistic.",feedback_assumption.csv
Stakeholder alignment with U.S. focus areas,,republic of korea,2025-09-21,73% average application intent,optimistic,"CI1 = average score (0–100). CI2 = # responses. Thresholds: ≥60 optimistic, 30–59 baseline, <30 pessimistic.",feedback_assumption.csv
Stakeholder alignment with U.S. focus areas,,republic of korea,2025-09-21,86% average sharing intent,optimistic,"CI1 = average score (0–100). CI2 = # responses. Thresholds: ≥60 optimistic, 30–59 baseline, <30 pessimistic.",feedback_assumption.csv
Stakeholder alignment with U.S. focus areas,,republic of korea,2025-09-21,Composite feedback score = 76%,optimistic,"CI1 = composite score (0–100). CI2 = total participants. Thresholds: ≥60 optimistic, 30–59 baseline, <30 pessimistic.",feedback_assumption.csv
Stakeholder alignment with U.S. focus areas,,singapore,2025-09-21,75% average relevance,optimistic,"CI1 = average score (0–100). CI2 = # responses. Thresholds: ≥60 optimistic, 30–59 baseline, <30 pessimistic.",feedback_assumption.csv
Stakeholder alignment with U.S. focus areas,,singapore,2025-09-21,75% average knowledge gain,optimistic,"CI1 = average score (0–100). CI2 = # responses. Thresholds: ≥60 optimistic, 30–59 baseline, <30 pessimistic.",feedback_assumption.csv
Stakeholder alignment with U.S. focus areas,,singapore,2025-09-21,50% average application intent,baseline,"CI1 = average score (0–100). CI2 = # responses. Thresholds: ≥60 optimistic, 30–59 baseline, <30 pessimistic.",feedback_assumption.csv
Stakeholder alignment with U.S. focus areas,,singapore,2025-09-21,88% average sharing intent,optimistic,"CI1 = average score (0–100). CI2 = # responses. Thresholds: ≥60 optimistic, 30–59 baseline, <30 pessimistic.",feedback_assumption.csv
Stakeholder alignment with U.S. focus areas,,singapore,2025-09-21,Composite feedback score = 72%,optimistic,"CI1 = composite score (0–100). CI2 = total participants. Thresholds: ≥60 optimistic, 30–59 baseline, <30 pessimistic.",feedback_assumption.csv
Stakeholder alignment with U.S. focus areas,,thailand,2025-09-21,83% average relevance,optimistic,"CI1 = average score (0–100). CI2 = # responses. Thresholds: ≥60 optimistic, 30–59 baseline, <30 pessimistic.",feedback_assumption.csv
Stakeholder alignment with U.S. focus areas,,thailand,2025-09-21,87% average knowledge gain,optimistic,"CI1 = average score (0–100). CI2 = # responses. Thresholds: ≥60 optimistic, 30–59 baseline, <30 pessimistic.",feedback_assumption.csv
Stakeholder alignment with U.S. focus areas,,thailand,2025-09-21,87% average application intent,optimistic,"CI1 = average score (0–100). CI2 = # responses. Thresholds: ≥60 optimistic, 30–59 baseline, <30 pessimistic.",feedback_assumption.csv
Stakeholder alignment with U.S. focus areas,,thailand,2025-09-21,97% average sharing intent,optimistic,"CI1 = average score (0–100). CI2 = # responses. Thresholds: ≥60 optimistic, 30–59 baseline, <30 pessimistic.",feedback_assumption.csv
Stakeholder alignment with U.S. focus areas,,thailand,2025-09-21,Composite feedback score = 88%,optimistic,"CI1 = composite score (0–100). CI2 = total participants. Thresholds: ≥60 optimistic, 30–59 baseline, <30 pessimistic.",feedback_assumption.csv
Stakeholder alignment with U.S. focus areas,,the philippines,2025-09-21,95% average relevance,optimistic,"CI1 = average score (0–100). CI2 = # responses. Thresholds: ≥60 optimistic, 30–59 baseline, <30 pessimistic.",feedback_assumption.csv
Stakeholder alignment with U.S. focus areas,,the philippines,2025-09-21,88% average knowledge gain,optimistic,"CI1 = average score (0–100). CI2 = # responses. Thresholds: ≥60 optimistic, 30–59 baseline, <30 pessimistic.",feedback_assumption.csv
Stakeholder alignment with U.S. focus areas,,the philippines,2025-09-21,83% average application intent,optimistic,"CI1 = average score (0–100). CI2 = # responses. Thresholds: ≥60 optimistic, 30–59 baseline, <30 pessimistic.",feedback_assumption.csv
Stakeholder alignment with U.S. focus areas,,the philippines,2025-09-21,93% average sharing intent,optimistic,"CI1 = average score (0–100). CI2 = # responses. Thresholds: ≥60 optimistic, 30–59 baseline, <30 pessimistic.",feedback_assumption.csv
Stakeholder alignment with U.S. focus areas,,the philippines,2025-09-21,Composite feedback score = 90%,optimistic,"CI1 = composite score (0–100). CI2 = total participants. Thresholds: ≥60 optimistic, 30–59 baseline, <30 pessimistic.",feedback_assumption.csv
Stakeholder alignment with U.S. focus areas,,the russian federation,2025-09-21,75% average relevance,optimistic,"CI1 = average score (0–100). CI2 = # responses. Thresholds: ≥60 optimistic, 30–59 baseline, <30 pessimistic.",feedback_assumption.csv
Stakeholder alignment with U.S. focus areas,,the russian federation,2025-09-21,75% average knowledge gain,optimistic,"CI1 = average score (0–100). CI2 = # responses. Thresholds: ≥60 optimistic, 30–59 baseline, <30 pessimistic.",feedback_assumption.csv
Stakeholder alignment with U.S. focus areas,,the russian federation,2025-09-21,50% average application intent,baseline,"CI1 = average score (0–100). CI2 = # responses. Thresholds: ≥60 optimistic, 30–59 baseline, <30 pessimistic.",feedback_assumption.csv
Stakeholder alignment with U.S. focus areas,,the russian federation,2025-09-21,50% average sharing intent,baseline,"CI1 = average score (0–100). CI2 = # responses. Thresholds: ≥60 optimistic, 30–59 baseline, <30 pessimistic.",feedback_assumption.csv
Stakeholder alignment with U.S. focus areas,,the russian federation,2025-09-21,Composite feedback score = 62%,optimistic,"CI1 = composite score (0–100). CI2 = total participants. Thresholds: ≥60 optimistic, 30–59 baseline, <30 pessimistic.",feedback_assumption.csv
Stakeholder alignment with U.S. focus areas,,united states of america,2025-09-21,90% average relevance,optimistic,"CI1 = average score (0–100). CI2 = # responses. Thresholds: ≥60 optimistic, 30–59 baseline, <30 pessimistic.",feedback_assumption.csv
Stakeholder alignment with U.S. focus areas,,united states of america,2025-09-21,77% average knowledge gain,optimistic,"CI1 = average score (0–100). CI2 = # responses. Thresholds: ≥60 optimistic, 30–59 baseline, <30 pessimistic.",feedback_assumption.csv
Stakeholder alignment with U.S. focus areas,,united states of america,2025-09-21,80% average application intent,optimistic,"CI1 = average score (0–100). CI2 = # responses. Thresholds: ≥60 optimistic, 30–59 baseline, <30 pessimistic.",feedback_assumption.csv
Stakeholder alignment with U.S. focus areas,,united states of america,2025-09-21,93% average sharing intent,optimistic,"CI1 = average score (0–100). CI2 = # responses. Thresholds: ≥60 optimistic, 30–59 baseline, <30 pessimistic.",feedback_assumption.csv
Stakeholder alignment with U.S. focus areas,,united states of america,2025-09-21,Composite feedback score = 85%,optimistic,"CI1 = composite score (0–100). CI2 = total participants. Thresholds: ≥60 optimistic, 30–59 baseline, <30 pessimistic.",feedback_assumption.csv
Stakeholder alignment with U.S. focus areas,,viet nam,2025-09-21,81% average relevance,optimistic,"CI1 = average score (0–100). CI2 = # responses. Thresholds: ≥60 optimistic, 30–59 baseline, <30 pessimistic.",feedback_assumption.csv
Stakeholder alignment with U.S. focus areas,,viet nam,2025-09-21,75% average knowledge gain,optimistic,"CI1 = average score (0–100). CI2 = # responses. Thresholds: ≥60 optimistic, 30–59 baseline, <30 pessimistic.",feedback_assumption.csv
Stakeholder alignment with U.S. focus areas,,viet nam,2025-09-21,75% average application intent,optimistic,"CI1 = average score (0–100). CI2 = # responses. Thresholds: ≥60 optimistic, 30–59 baseline, <30 pessimistic.",feedback_assumption.csv
Stakeholder alignment with U.S. focus areas,,viet nam,2025-09-21,94% average sharing intent,optimistic,"CI1 = average score (0–100). CI2 = # responses. Thresholds: ≥60 optimistic, 30–59 baseline, <30 pessimistic.",feedback_assumption.csv
Stakeholder alignment with U.S. focus areas,,viet nam,2025-09-21,Composite feedback score = 81%,optimistic,"CI1 = composite score (0–100). CI2 = total participants. Thresholds: ≥60 optimistic, 30–59 baseline, <30 pessimistic.",feedback_assumption.csv
Stakeholder alignment with U.S. focus areas,,APEC (aggregate),2025-09-21,82% average relevance,optimistic,"CI1 = average score (0–100). CI2 = # responses. Thresholds: ≥60 optimistic, 30–59 baseline, <30 pessimistic.",feedback_assumption.csv
Stakeholder alignment with U.S. focus areas,,APEC (aggregate),2025-09-21,80% average knowledge gain,optimistic,"CI1 = average score (0–100). CI2 = # responses. Thresholds: ≥60 optimistic, 30–59 baseline, <30 pessimistic.",feedback_assumption.csv
Stakeholder alignment with U.S. focus areas,,APEC (aggregate),2025-09-21,70% average application intent,optimistic,"CI1 = average score (0–100). CI2 = # responses. Thresholds: ≥60 optimistic, 30–59 baseline, <30 pessimistic.",feedback_assumption.csv
Stakeholder alignment with U.S. focus areas,,APEC (aggregate),2025-09-21,92% average sharing intent,optimistic,"CI1 = average score (0–100). CI2 = # responses. Thresholds: ≥60 optimistic, 30–59 baseline, <30 pessimistic.",feedback_assumption.csv
Stakeholder alignment with U.S. focus areas,,APEC (aggregate),2025-09-21,Composite feedback score = 81%,optimistic,"CI1 = composite score (0–100). CI2 = total participants. Thresholds: ≥60 optimistic, 30–59 baseline, <30 pessimistic.",feedback_assumption.csv
Stakeholder alignment with U.S. focus areas,,APEC (aggregate),2025-09-21,90% average relevance,optimistic,"CI1 = average score (0–100). CI2 = # responses. Thresholds: ≥60 optimistic, 30–59 baseline, <30 pessimistic.",feedback_assumption.csv
Stakeholder alignment with U.S. focus areas,,APEC (aggregate),2025-09-21,83% average knowledge gain,optimistic,"CI1 = average score (0–100). CI2 = # responses. Thresholds: ≥60 optimistic, 30–59 baseline, <30 pessimistic.",feedback_assumption.csv
Stakeholder alignment with U.S. focus areas,,APEC (aggregate),2025-09-21,74% average application intent,optimistic,"CI1 = average score (0–100). CI2 = # responses. Thresholds: ≥60 optimistic, 30–59 baseline, <30 pessimistic.",feedback_assumption.csv
Stakeholder alignment with U.S. focus areas,,APEC (aggregate),2025-09-21,98% average sharing intent,optimistic,"CI1 = average score (0–100). CI2 = # responses. Thresholds: ≥60 optimistic, 30–59 baseline, <30 pessimistic.",feedback_assumption.csv
Stakeholder alignment with U.S. focus areas,,APEC (aggregate),2025-09-21,Composite feedback score = 86%,optimistic,"CI1 = composite score (0–100). CI2 = total participants. Thresholds: ≥60 optimistic, 30–59 baseline, <30 pessimistic.",feedback_assumption.csv
Stakeholder alignment with U.S. focus areas,,APEC (aggregate),2025-09-21,78% average relevance,optimistic,"CI1 = average score (0–100). CI2 = # responses. Thresholds: ≥60 optimistic, 30–59 baseline, <30 pessimistic.",feedback_assumption.csv
Stakeholder alignment with U.S. focus areas,,APEC (aggregate),2025-09-21,75% average knowledge gain,optimistic,"CI1 = average score (0–100). CI2 = # responses. Thresholds: ≥60 optimistic, 30–59 baseline, <30 pessimistic.",feedback_assumption.csv
Stakeholder alignment with U.S. focus areas,,APEC (aggregate),2025-09-21,61% average application intent,optimistic,"CI1 = average score (0–100). CI2 = # responses. Thresholds: ≥60 optimistic, 30–59 baseline, <30 pessimistic.",feedback_assumption.csv
Stakeholder alignment with U.S. focus areas,,APEC (aggregate),2025-09-21,83% average sharing intent,optimistic,"CI1 = average score (0–100). CI2 = # responses. Thresholds: ≥60 optimistic, 30–59 baseline, <30 pessimistic.",feedback_assumption.csv
Stakeholder alignment with U.S. focus areas,,APEC (aggregate),2025-09-21,Composite feedback score = 74%,optimistic,"CI1 = composite score (0–100). CI2 = total participants. Thresholds: ≥60 optimistic, 30–59 baseline, <30 pessimistic.",feedback_assumption.csv
Stakeholder alignment with U.S. focus areas,,APEC (aggregate),2025-09-21,91% average relevance,optimistic,"CI1 = average score (0–100). CI2 = # responses. Thresholds: ≥60 optimistic, 30–59 baseline, <30 pessimistic.",feedback_assumption.csv
Stakeholder alignment with U.S. focus areas,,APEC (aggregate),2025-09-21,81% average knowledge gain,optimistic,"CI1 = average score (0–100). CI2 = # responses. Thresholds: ≥60 optimistic, 30–59 baseline, <30 pessimistic.",feedback_assumption.csv
Stakeholder alignment with U.S. focus areas,,APEC (aggregate),2025-09-21,71% average application intent,optimistic,"CI1 = average score (0–100). CI2 = # responses. Thresholds: ≥60 optimistic, 30–59 baseline, <30 pessimistic.",feedback_assumption.csv
Stakeholder alignment with U.S. focus areas,,APEC (aggregate),2025-09-21,83% average sharing intent,optimistic,"CI1 = average score (0–100). CI2 = # responses. Thresholds: ≥60 optimistic, 30–59 baseline, <30 pessimistic.",feedback_assumption.csv
Stakeholder alignment with U.S. focus areas,,APEC (aggregate),2025-09-21,Composite feedback score = 81%,optimistic,"CI1 = composite score (0–100). CI2 = total participants. Thresholds: ≥60 optimistic, 30–59 baseline, <30 pessimistic.",feedback_assumption.csv
Stakeholder alignment with U.S. focus areas,,APEC (aggregate),2025-09-21,91% average relevance,optimistic,"CI1 = average score (0–100). CI2 = # responses. Thresholds: ≥60 optimistic, 30–59 baseline, <30 pessimistic.",feedback_assumption.csv
Stakeholder alignment with U.S. focus areas,,APEC (aggregate),2025-09-21,82% average knowledge gain,optimistic,"CI1 = average score (0–100). CI2 = # responses. Thresholds: ≥60 optimistic, 30–59 baseline, <30 pessimistic.",feedback_assumption.csv
Stakeholder alignment with U.S. focus areas,,APEC (aggregate),2025-09-21,77% average application intent,optimistic,"CI1 = average score (0–100). CI2 = # responses. Thresholds: ≥60 optimistic, 30–59 baseline, <30 pessimistic.",feedback_assumption.csv
Stakeholder alignment with U.S. focus areas,,APEC (aggregate),2025-09-21,94% average sharing intent,optimistic,"CI1 = average score (0–100). CI2 = # responses. Thresholds: ≥60 optimistic, 30–59 baseline, <30 pessimistic.",feedback_assumption.csv
Stakeholder alignment with U.S. focus areas,,APEC (aggregate),2025-09-21,Composite feedback score = 86%,optimistic,"CI1 = composite score (0–100). CI2 = total participants. Thresholds: ≥60 optimistic, 30–59 baseline, <30 pessimistic.",feedback_assumption.csv
Stakeholder alignment with U.S. focus areas,,APEC (aggregate),2025-09-21,78% average relevance,optimistic,"CI1 = average score (0–100). CI2 = # responses. Thresholds: ≥60 optimistic, 30–59 baseline, <30 pessimistic.",feedback_assumption.csv
Stakeholder alignment with U.S. focus areas,,APEC (aggregate),2025-09-21,69% average knowledge gain,optimistic,"CI1 = average score (0–100). CI2 = # responses. Thresholds: ≥60 optimistic, 30–59 baseline, <30 pessimistic.",feedback_assumption.csv
Stakeholder alignment with U.S. focus areas,,APEC (aggregate),2025-09-21,79% average application intent,optimistic,"CI1 = average score (0–100). CI2 = # responses. Thresholds: ≥60 optimistic, 30–59 baseline, <30 pessimistic.",feedback_assumption.csv
Stakeholder alignment with U.S. focus areas,,APEC (aggregate),2025-09-21,82% average sharing intent,optimistic,"CI1 = average score (0–100). CI2 = # responses. Thresholds: ≥60 optimistic, 30–59 baseline, <30 pessimistic.",feedback_assumption.csv
Stakeholder alignment with U.S. focus areas,,APEC (aggregate),2025-09-21,Composite feedback score = 77%,optimistic,"CI1 = composite score (0–100). CI2 = total participants. Thresholds: ≥60 optimistic, 30–59 baseline, <30 pessimistic.",feedback_assumption.csv
Stakeholder alignment with U.S. focus areas,,APEC (aggregate),2025-09-21,86% average relevance,optimistic,"CI1 = average score (0–100). CI2 = # responses. Thresholds: ≥60 optimistic, 30–59 baseline, <30 pessimistic.",feedback_assumption.csv
Stakeholder alignment with U.S. focus areas,,APEC (aggregate),2025-09-21,82% average knowledge gain,optimistic,"CI1 = average score (0–100). CI2 = # responses. Thresholds: ≥60 optimistic, 30–59 baseline, <30 pessimistic.",feedback_assumption.csv
Stakeholder alignment with U.S. focus areas,,APEC (aggregate),2025-09-21,80% average application intent,optimistic,"CI1 = average score (0–100). CI2 = # responses. Thresholds: ≥60 optimistic, 30–59 baseline, <30 pessimistic.",feedback_assumption.csv
Stakeholder alignment with U.S. focus areas,,APEC (aggregate),2025-09-21,89% average sharing intent,optimistic,"CI1 = average score (0–100). CI2 = # responses. Thresholds: ≥60 optimistic, 30–59 baseline, <30 pessimistic.",feedback_assumption.csv
Stakeholder alignment with U.S. focus areas,,APEC (aggregate),2025-09-21,Composite feedback score = 85%,optimistic,"CI1 = composite score (0–100). CI2 = total participants. Thresholds: ≥60 optimistic, 30–59 baseline, <30 pessimistic.",feedback_assumption.csv
Stakeholder alignment with U.S. focus areas,,APEC (aggregate),2025-09-21,84% average relevance,optimistic,"CI1 = average score (0–100). CI2 = # responses. Thresholds: ≥60 optimistic, 30–59 baseline, <30 pessimistic.",feedback_assumption.csv
Stakeholder alignment with U.S. focus areas,,APEC (aggregate),2025-09-21,75% average knowledge gain,optimistic,"CI1 = average score (0–100). CI2 = # responses. Thresholds: ≥60 optimistic, 30–59 baseline, <30 pessimistic.",feedback_assumption.csv
Stakeholder alignment with U.S. focus areas,,APEC (aggregate),2025-09-21,76% average application intent,optimistic,"CI1 = average score (0–100). CI2 = # responses. Thresholds: ≥60 optimistic, 30–59 baseline, <30 pessimistic.",feedback_assumption.csv
Stakeholder alignment with U.S. focus areas,,APEC (aggregate),2025-09-21,94% average sharing intent,optimistic,"CI1 = average score (0–100). CI2 = # responses. Thresholds: ≥60 optimistic, 30–59 baseline, <30 pessimistic.",feedback_assumption.csv
Stakeholder alignment with U.S. focus areas,,APEC (aggregate),2025-09-21,Composite feedback score = 82%,optimistic,"CI1 = composite score (0–100). CI2 = total participants. Thresholds: ≥60 optimistic, 30–59 baseline, <30 pessimistic.",feedback_assumption.csv
Policy and regulatory openness,,APEC (aggregate),2025-09-21,70% average application intent,optimistic,"CI1 = average score (0–100). CI2 = # responses. Thresholds: ≥60 optimistic, 30–59 baseline, <30 pessimistic.",feedback_policy_assumption.csv
Policy and regulatory openness,,APEC (aggregate),2025-09-21,83% average sharing intent,optimistic,"CI1 = average score (0–100). CI2 = # responses. Thresholds: ≥60 optimistic, 30–59 baseline, <30 pessimistic.",feedback_policy_assumption.csv
Policy and regulatory openness,,APEC (aggregate),2025-09-21,Composite feedback score = 76%,optimistic,"CI1 = composite score (0–100). CI2 = total participants. Thresholds: ≥60 optimistic, 30–59 baseline, <30 pessimistic.",feedback_policy_assumption.csv
Policy and regulatory openness,,canada,2025-09-21,50% average application intent,baseline,"CI1 = average score (0–100). CI2 = # responses. Thresholds: ≥60 optimistic, 30–59 baseline, <30 pessimistic.",feedback_policy_assumption.csv
Policy and regulatory openness,,canada,2025-09-21,100% average sharing intent,optimistic,"CI1 = average score (0–100). CI2 = # responses. Thresholds: ≥60 optimistic, 30–59 baseline, <30 pessimistic.",feedback_policy_assumption.csv
Policy and regulatory openness,,canada,2025-09-21,Composite feedback score = 75%,optimistic,"CI1 = composite score (0–100). CI2 = total participants. Thresholds: ≥60 optimistic, 30–59 baseline, <30 pessimistic.",feedback_policy_assumption.csv
Policy and regulatory openness,,chile,2025-09-21,50% average application intent,baseline,"CI1 = average score (0–100). CI2 = # responses. Thresholds: ≥60 optimistic, 30–59 baseline, <30 pessimistic.",feedback_policy_assumption.csv
Policy and regulatory openness,,chile,2025-09-21,50% average sharing intent,baseline,"CI1 = average score (0–100). CI2 = # responses. Thresholds: ≥60 optimistic, 30–59 baseline, <30 pessimistic.",feedback_policy_assumption.csv
Policy and regulatory openness,,chile,2025-09-21,Composite feedback score = 50%,baseline,"CI1 = composite score (0–100). CI2 = total participants. Thresholds: ≥60 optimistic, 30–59 baseline, <30 pessimistic.",feedback_policy_assumption.csv
Policy and regulatory openness,,china,2025-09-21,50% average application intent,baseline,"CI1 = average score (0–100). CI2 = # responses. Thresholds: ≥60 optimistic, 30–59 baseline, <30 pessimistic.",feedback_policy_assumption.csv
Policy and regulatory openness,,china,2025-09-21,100% average sharing intent,optimistic,"CI1 = average score (0–100). CI2 = # responses. Thresholds: ≥60 optimistic, 30–59 baseline, <30 pessimistic.",feedback_policy_assumption.csv
Policy and regulatory openness,,china,2025-09-21,Composite feedback score = 75%,optimistic,"CI1 = composite score (0–100). CI2 = total participants. Thresholds: ≥60 optimistic, 30–59 baseline, <30 pessimistic.",feedback_policy_assumption.csv
Policy and regulatory openness,,japan,2025-09-21,50% average application intent,baseline,"CI1 = average score (0–100). CI2 = # responses. Thresholds: ≥60 optimistic, 30–59 baseline, <30 pessimistic.",feedback_policy_assumption.csv
Policy and regulatory openness,,japan,2025-09-21,100% average sharing intent,optimistic,"CI1 = average score (0–100). CI2 = # responses. Thresholds: ≥60 optimistic, 30–59 baseline, <30 pessimistic.",feedback_policy_assumption.csv
Policy and regulatory openness,,japan,2025-09-21,Composite feedback score = 75%,optimistic,"CI1 = composite score (0–100). CI2 = total participants. Thresholds: ≥60 optimistic, 30–59 baseline, <30 pessimistic.",feedback_policy_assumption.csv
Policy and regulatory openness,,malaysia,2025-09-21,75% average application intent,optimistic,"CI1 = average score (0–100). CI2 = # responses. Thresholds: ≥60 optimistic, 30–59 baseline, <30 pessimistic.",feedback_policy_assumption.csv
Policy and regulatory openness,,malaysia,2025-09-21,100% average sharing intent,optimistic,"CI1 = average score (0–100). CI2 = # responses. Thresholds: ≥60 optimistic, 30–59 baseline, <30 pessimistic.",feedback_policy_assumption.csv
Policy and regulatory openness,,malaysia,2025-09-21,Composite feedback score = 88%,optimistic,"CI1 = composite score (0–100). CI2 = total participants. Thresholds: ≥60 optimistic, 30–59 baseline, <30 pessimistic.",feedback_policy_assumption.csv
Policy and regulatory openness,,new zealand,2025-09-21,100% average application intent,optimistic,"CI1 = average score (0–100). CI2 = # responses. Thresholds: ≥60 optimistic, 30–59 baseline, <30 pessimistic.",feedback_policy_assumption.csv
Policy and regulatory openness,,new zealand,2025-09-21,100% average sharing intent,optimistic,"CI1 = average score (0–100). CI2 = # responses. Thresholds: ≥60 optimistic, 30–59 baseline, <30 pessimistic.",feedback_policy_assumption.csv
Policy and regulatory openness,,new zealand,2025-09-21,Composite feedback score = 100%,optimistic,"CI1 = composite score (0–100). CI2 = total participants. Thresholds: ≥60 optimistic, 30–59 baseline, <30 pessimistic.",feedback_policy_assumption.csv
Policy and regulatory openness,,other,2025-09-21,67% average application intent,optimistic,"CI1 = average score (0–100). CI2 = # responses. Thresholds: ≥60 optimistic, 30–59 baseline, <30 pessimistic.",feedback_policy_assumption.csv
Policy and regulatory openness,,other,2025-09-21,83% average sharing intent,optimistic,"CI1 = average score (0–100). CI2 = # responses. Thresholds: ≥60 optimistic, 30–59 baseline, <30 pessimistic.",feedback_policy_assumption.csv
Policy and regulatory openness,,other,2025-09-21,Composite feedback score = 75%,optimistic,"CI1 = composite score (0–100). CI2 = total participants. Thresholds: ≥60 optimistic, 30–59 baseline, <30 pessimistic.",feedback_policy_assumption.csv
Policy and regulatory openness,,papua new guinea,2025-09-21,50% average application intent,baseline,"CI1 = average score (0–100). CI2 = # responses. Thresholds: ≥60 optimistic, 30–59 baseline, <30 pessimistic.",feedback_policy_assumption.csv
Policy and regulatory openness,,papua new guinea,2025-09-21,100% average sharing intent,optimistic,"CI1 = average score (0–100). CI2 = # responses. Thresholds: ≥60 optimistic, 30–59 baseline, <30 pessimistic.",feedback_policy_assumption.csv
Policy and regulatory openness,,papua new guinea,2025-09-21,Composite feedback score = 75%,optimistic,"CI1 = composite score (0–100). CI2 = total participants. Thresholds: ≥60 optimistic, 30–59 baseline, <30 pessimistic.",feedback_policy_assumption.csv
Policy and regulatory openness,,peru,2025-09-21,100% average application intent,optimistic,"CI1 = average score (0–100). CI2 = # responses. Thresholds: ≥60 optimistic, 30–59 baseline, <30 pessimistic.",feedback_policy_assumption.csv
Policy and regulatory openness,,peru,2025-09-21,100% average sharing intent,optimistic,"CI1 = average score (0–100). CI2 = # responses. Thresholds: ≥60 optimistic, 30–59 baseline, <30 pessimistic.",feedback_policy_assumption.csv
Policy and regulatory openness,,peru,2025-09-21,Composite feedback score = 100%,optimistic,"CI1 = composite score (0–100). CI2 = total participants. Thresholds: ≥60 optimistic, 30–59 baseline, <30 pessimistic.",feedback_policy_assumption.csv
Policy and regulatory openness,,republic of korea,2025-09-21,60% average application intent,optimistic,"CI1 = average score (0–100). CI2 = # responses. Thresholds: ≥60 optimistic, 30–59 baseline, <30 pessimistic.",feedback_policy_assumption.csv
Policy and regulatory openness,,republic of korea,2025-09-21,70% average sharing intent,optimistic,"CI1 = average score (0–100). CI2 = # responses. Thresholds: ≥60 optimistic, 30–59 baseline, <30 pessimistic.",feedback_policy_assumption.csv
Policy and regulatory openness,,republic of korea,2025-09-21,Composite feedback score = 65%,optimistic,"CI1 = composite score (0–100). CI2 = total participants. Thresholds: ≥60 optimistic, 30–59 baseline, <30 pessimistic.",feedback_policy_assumption.csv
Policy and regulatory openness,,singapore,2025-09-21,50% average application intent,baseline,"CI1 = average score (0–100). CI2 = # responses. Thresholds: ≥60 optimistic, 30–59 baseline, <30 pessimistic.",feedback_policy_assumption.csv
Policy and regulatory openness,,singapore,2025-09-21,75% average sharing intent,optimistic,"CI1 = average score (0–100). CI2 = # responses. Thresholds: ≥60 optimistic, 30–59 baseline, <30 pessimistic.",feedback_policy_assumption.csv
Policy and regulatory openness,,singapore,2025-09-21,Composite feedback score = 62%,optimistic,"CI1 = composite score (0–100). CI2 = total participants. Thresholds: ≥60 optimistic, 30–59 baseline, <30 pessimistic.",feedback_policy_assumption.csv
Policy and regulatory openness,,the philippines,2025-09-21,50% average application intent,baseline,"CI1 = average score (0–100). CI2 = # responses. Thresholds: ≥60 optimistic, 30–59 baseline, <30 pessimistic.",feedback_policy_assumption.csv
Policy and regulatory openness,,the philippines,2025-09-21,100% average sharing intent,optimistic,"CI1 = average score (0–100). CI2 = # responses. Thresholds: ≥60 optimistic, 30–59 baseline, <30 pessimistic.",feedback_policy_assumption.csv
Policy and regulatory openness,,the philippines,2025-09-21,Composite feedback score = 75%,optimistic,"CI1 = composite score (0–100). CI2 = total participants. Thresholds: ≥60 optimistic, 30–59 baseline, <30 pessimistic.",feedback_policy_assumption.csv
Policy and regulatory openness,,the russian federation,2025-09-21,50% average application intent,baseline,"CI1 = average score (0–100). CI2 = # responses. Thresholds: ≥60 optimistic, 30–59 baseline, <30 pessimistic.",feedback_policy_assumption.csv
Policy and regulatory openness,,the russian federation,2025-09-21,50% average sharing intent,baseline,"CI1 = average score (0–100). CI2 = # responses. Thresholds: ≥60 optimistic, 30–59 baseline, <30 pessimistic.",feedback_policy_assumption.csv
Policy and regulatory openness,,the russian federation,2025-09-21,Composite feedback score = 50%,baseline,"CI1 = composite score (0–100). CI2 = total participants. Thresholds: ≥60 optimistic, 30–59 baseline, <30 pessimistic.",feedback_policy_assumption.csv
Policy and regulatory openness,,united states of america,2025-09-21,90% average application intent,optimistic,"CI1 = average score (0–100). CI2 = # responses. Thresholds: ≥60 optimistic, 30–59 baseline, <30 pessimistic.",feedback_policy_assumption.csv
Policy and regulatory openness,,united states of america,2025-09-21,80% average sharing intent,optimistic,"CI1 = average score (0–100). CI2 = # responses. Thresholds: ≥60 optimistic, 30–59 baseline, <30 pessimistic.",feedback_policy_assumption.csv
Policy and regulatory openness,,united states of america,2025-09-21,Composite feedback score = 85%,optimistic,"CI1 = composite score (0–100). CI2 = total participants. Thresholds: ≥60 optimistic, 30–59 baseline, <30 pessimistic.",feedback_policy_assumption.csv
Policy and regulatory openness,,APEC (aggregate),2025-09-21,61% average application intent,optimistic,"CI1 = average score (0–100). CI2 = # responses. Thresholds: ≥60 optimistic, 30–59 baseline, <30 pessimistic.",feedback_policy_assumption.csv
Policy and regulatory openness,,APEC (aggregate),2025-09-21,83% average sharing intent,optimistic,"CI1 = average score (0–100). CI2 = # responses. Thresholds: ≥60 optimistic, 30–59 baseline, <30 pessimistic.",feedback_policy_assumption.csv
Policy and regulatory openness,,APEC (aggregate),2025-09-21,Composite feedback score = 72%,optimistic,"CI1 = composite score (0–100). CI2 = total participants. Thresholds: ≥60 optimistic, 30–59 baseline, <30 pessimistic.",feedback_policy_assumption.csv
Policy and regulatory openness,,APEC (aggregate),2025-09-21,79% average application intent,optimistic,"CI1 = average score (0–100). CI2 = # responses. Thresholds: ≥60 optimistic, 30–59 baseline, <30 pessimistic.",feedback_policy_assumption.csv
Policy and regulatory openness,,APEC (aggregate),2025-09-21,82% average sharing intent,optimistic,"CI1 = average score (0–100). CI2 = # responses. Thresholds: ≥60 optimistic, 30–59 baseline, <30 pessimistic.",feedback_policy_assumption.csv
Policy and regulatory openness,,APEC (aggregate),2025-09-21,Composite feedback score = 81%,optimistic,"CI1 = composite score (0–100). CI2 = total participants. Thresholds: ≥60 optimistic, 30–59 baseline, <30 pessimistic.",feedback_policy_assumption.csv
Political and institutional continuity,,Australia,"Sat, 20 Sep 2025 16:05:00 +0800",,,,risk_assumption.csv
Political and institutional continuity,,Canada,"Sun, 21 Sep 2025 06:12:00 GMT",,,,risk_assumption.csv
Political and institutional continuity,,China,"Fri, 19 Sep 2025 21:52:00 +0900",,,,risk_assumption.csv
Political and institutional continuity,,Indonesia,"Sat, 20 Sep 2025 14:26:09 +0800",,,,risk_assumption.csv
Political and institutional continuity,,Japan,"Fri, 19 Sep 2025 22:07:00 +0900",,,,risk_assumption.csv
Political and institutional continuity,,Korea,"Sat, 20 Sep 2025 06:09:11 Z",,,,risk_assumption.csv
Political and institutional continuity,,Malaysia,"Sun, 21 Sep 2025 10:33:20 +0800",,,,risk_assumption.csv
Political and institutional continuity,,Philippines,"Sun, 21 Sep 2025 12:26:00 +0800",,,,risk_assumption.csv
Political and institutional continuity,,Russia,"Thu, 18 Sep 2025 21:22:13 +0000",,,,risk_assumption.csv
Political and institutional continuity,,Singapore,"Sun, 21 Sep 2025 12:00:00 +0800",,,,risk_assumption.csv
Political and institutional continuity,,United States,"Thu, 18 Sep 2025 19:45:56 +0000",,,,risk_assumption.csv
Political and institutional continuity,,Unknown,"Sat, 20 Sep 2025 21:42:41 GMT",,,,risk_assumption.csv
Policy and regulatory openness,,Unspecified,2025-09-21,Unspecified Reform reform = Unspecified,baseline,"Individual reform status. CI1 graded: Adopted=100, In progress=75, Unsure=50, Not initiated=0.",policy_reform_assumption.csv
Policy and regulatory openness,,Unspecified,2025-09-21,Average reform progress = 50%,baseline,"Economy-level summary. Thresholds: Optimistic ≥60%, Baseline 30–59%, Pessimistic <30%. Based on 1 reforms.",policy_reform_assumption.csv
Policy and regulatory openness,,APEC (aggregate),2025-09-21,Average reform progress = 50%,baseline,"Workstream-level summary. Thresholds: Optimistic ≥60%, Baseline 30–59%, Pessimistic <30%. Based on 1 reforms.",policy_reform_assumption.csv
Policy and regulatory openness,,APEC (aggregate),2025-09-21,Average reform progress = 50%,baseline,"Aggregate summary. Thresholds: Optimistic ≥60%, Baseline 30–59%, Pessimistic <30%. Based on 1 reforms.",policy_reform_assumption.csv
Responsible local ownership,,APEC (aggregate),FY25-12-31,$614 from 1 firms across 1 economies (FY FY25),baseline,"Thresholds applied: year1-lowbar. CI1=$ amount, CI2=# firms.",cost_share_assumption.csv
Responsible local ownership,,rec2SfojMouQz838n,FY25-12-31,$614 from 1 firms (FY FY25),baseline,"Thresholds applied: year1-lowbar. CI1=$ amount, CI2=# firms.",cost_share_assumption.csv
Responsible local ownership,,APEC (aggregate),FY25-12-31,$614 from 1 firms across 1 economies (FY FY25),baseline,"Thresholds applied: year1-lowbar. CI1=$ amount, CI2=# firms.",cost_share_assumption.csv
