Workshop,Workshop Date,Workstream,Economy,Organization,Source Table,Workshop Key
Workshop on Digital Standards: Shaping the Future of Standardization,2025-07-27,recO6Wye9q46CaYxb,The Philippines,Department of Trade and Industry,OT1 Sign-Ins (Workshops),Workshop on Digital Standards: Shaping the Future of Standardization | 2025-07-27
Workshop on Advancing Cloud Transformation,2025-07-30,recO6Wye9q46CaYxb,Thailand,NBTC,OT1 Sign-Ins (Workshops),Workshop on Advancing Cloud Transformation | 2025-07-30
Workshop on Applying the APEC Services Index in Regionally Relevant Use Cases,2025-08-08,recIze3I0sDtjtxap,Indonesia,Ministry of Trade,OT1 Sign-Ins (Workshops),Workshop on Applying the APEC Services Index in Regionally Relevant Use Cases | 2025-08-08
Workshop on Advancing Cloud Transformation,2025-07-31,rec8X4hhBa5cOnk18,Malaysia,MyDIGITAL Corporation (Ministry of Digital),OT1 Sign-Ins (Workshops),Workshop on Advancing Cloud Transformation | 2025-07-31
Workshop on Advancing Cloud Transformation,2025-07-31,rec8X4hhBa5cOnk18,United States of America,AWS,OT1 Sign-Ins (Workshops),Workshop on Advancing Cloud Transformation | 2025-07-31
APEC Workshop on Advancing the FTAAP: Issues Related to Rules of Origin,2025-08-01,reckuD4pDTWtZesJN,Thailand,"Department of Trade Negotiations, Ministry of Commerce",OT1 Sign-Ins (Workshops),APEC Workshop on Advancing the FTAAP: Issues Related to Rules of Origin | 2025-08-01
Workshop on Applying the APEC Services Index in Regionally Relevant Use Cases,2025-08-08,recIze3I0sDtjtxap,Canada,Global Affairs Canada,OT1 Sign-Ins (Workshops),Workshop on Applying the APEC Services Index in Regionally Relevant Use Cases | 2025-08-08
Workshop on Applying the APEC Services Index in Regionally Relevant Use Cases,2025-08-08,recIze3I0sDtjtxap,"Hong Kong, China",Trade and Industry Department,OT1 Sign-Ins (Workshops),Workshop on Applying the APEC Services Index in Regionally Relevant Use Cases | 2025-08-08
Workshop on Applying the APEC Services Index in Regionally Relevant Use Cases,2025-08-08,recIze3I0sDtjtxap,Thailand,Ministry of Commerce,OT1 Sign-Ins (Workshops),Workshop on Applying the APEC Services Index in Regionally Relevant Use Cases | 2025-08-08
APEC Workshop on Advancing the FTAAP: Issues Related to Rules of Origin,2025-08-02,reckuD4pDTWtZesJN,Chile,SUBREI Chile,OT1 Sign-Ins (Workshops),APEC Workshop on Advancing the FTAAP: Issues Related to Rules of Origin | 2025-08-02
Workshop on Advancing Cloud Transformation,2025-07-31,rec8X4hhBa5cOnk18,Republic of Korea,Ministry of Science and ICT,OT1 Sign-Ins (Workshops),Workshop on Advancing Cloud Transformation | 2025-07-31
Workshop on Digital Standards: Shaping the Future of Standardization,2025-07-27,recO6Wye9q46CaYxb,Thailand,TISI,OT1 Sign-Ins (Workshops),Workshop on Digital Standards: Shaping the Future of Standardization | 2025-07-27
APEC Workshop on Services Technical Standards Development: The Process and Impact,2025-08-05,recIze3I0sDtjtxap,Chinese Taipei,"International Trade Adminastration,MOEA",OT1 Sign-Ins (Workshops),APEC Workshop on Services Technical Standards Development: The Process and Impact | 2025-08-05
APEC Workshop on Technical Barriers to Trade: Recent Trends in FTAs,2025-07-28,recqvqMEpTfZTKevx,United States of America,U.S. Department of State ,OT1 Sign-Ins (Workshops),APEC Workshop on Technical Barriers to Trade: Recent Trends in FTAs | 2025-07-28
APEC Workshop on Advancing the FTAAP: Issues Related to Rules of Origin,2025-08-01,reckuD4pDTWtZesJN,Viet Nam,Moit,OT1 Sign-Ins (Workshops),APEC Workshop on Advancing the FTAAP: Issues Related to Rules of Origin | 2025-08-01
Workshop on Applying the APEC Services Index in Regionally Relevant Use Cases,2025-08-08,recIze3I0sDtjtxap,Chinese Taipei,"International Trade Administration, Ministry of Economic Affiairs",OT1 Sign-Ins (Workshops),Workshop on Applying the APEC Services Index in Regionally Relevant Use Cases | 2025-08-08
APEC Workshop on Implementing Trade Policy to Foster Quality Growth: Data and Analytical Tools,2025-08-09,recx8jdfEcebA5nAS,Indonesia,APEC Secretariat ,OT1 Sign-Ins (Workshops),APEC Workshop on Implementing Trade Policy to Foster Quality Growth: Data and Analytical Tools | 2025-08-09
APEC Workshop on Advancing the FTAAP: Issues Related to Rules of Origin,2025-08-01,reckuD4pDTWtZesJN,Other,National Foreign Trade Council,OT1 Sign-Ins (Workshops),APEC Workshop on Advancing the FTAAP: Issues Related to Rules of Origin | 2025-08-01
Workshop on Applying the APEC Services Index in Regionally Relevant Use Cases,2025-08-08,recIze3I0sDtjtxap,Malaysia,"Ministry of Investment, Trade & Industry",OT1 Sign-Ins (Workshops),Workshop on Applying the APEC Services Index in Regionally Relevant Use Cases | 2025-08-08
Workshop on Digital Standards: Shaping the Future of Standardization,2025-07-27,recO6Wye9q46CaYxb,Thailand,Thai Industrial Standards Institute,OT1 Sign-Ins (Workshops),Workshop on Digital Standards: Shaping the Future of Standardization | 2025-07-27
APEC Workshop on Technical Barriers to Trade: Recent Trends in FTAs,2025-07-29,recqvqMEpTfZTKevx,Republic of Korea,Gangneung-Wonju National University,OT1 Sign-Ins (Workshops),APEC Workshop on Technical Barriers to Trade: Recent Trends in FTAs | 2025-07-29
APEC Workshop on Services Technical Standards Development: The Process and Impact,2025-08-05,recIze3I0sDtjtxap,The Philippines,"Department of Economy, Planning, and Development",OT1 Sign-Ins (Workshops),APEC Workshop on Services Technical Standards Development: The Process and Impact | 2025-08-05
APEC Workshop on Technical Barriers to Trade: Recent Trends in FTAs,2025-07-29,recqvqMEpTfZTKevx,People's Republic of China,Guangxi Institute of Standards and Technology,OT1 Sign-Ins (Workshops),APEC Workshop on Technical Barriers to Trade: Recent Trends in FTAs | 2025-07-29
APEC Workshop on Services Technical Standards Development: The Process and Impact,2025-08-05,recIze3I0sDtjtxap,Other,Council on economic policies,OT1 Sign-Ins (Workshops),APEC Workshop on Services Technical Standards Development: The Process and Impact | 2025-08-05
APEC Workshop on Advancing the FTAAP: Issues Related to Rules of Origin,2025-08-01,reckuD4pDTWtZesJN,Japan,"Ministry of Economy, Trade and Industry",OT1 Sign-Ins (Workshops),APEC Workshop on Advancing the FTAAP: Issues Related to Rules of Origin | 2025-08-01
APEC Workshop on Technical Barriers to Trade: Recent Trends in FTAs,2025-07-29,recqvqMEpTfZTKevx,Republic of Korea,Kats,OT1 Sign-Ins (Workshops),APEC Workshop on Technical Barriers to Trade: Recent Trends in FTAs | 2025-07-29
APEC Workshop on Technical Barriers to Trade: Recent Trends in FTAs,2025-07-29,recqvqMEpTfZTKevx,Viet Nam,Commission for standards metrology and quality of Vietnam ,OT1 Sign-Ins (Workshops),APEC Workshop on Technical Barriers to Trade: Recent Trends in FTAs | 2025-07-29
APEC Workshop on Technical Barriers to Trade: Recent Trends in FTAs,2025-07-27,recqvqMEpTfZTKevx,Peru,National service of agrarian health Peru,OT1 Sign-Ins (Workshops),APEC Workshop on Technical Barriers to Trade: Recent Trends in FTAs | 2025-07-27
APEC Workshop on Technical Barriers to Trade: Recent Trends in FTAs,2025-07-28,recqvqMEpTfZTKevx,Republic of Korea,Korean Standards Association,OT1 Sign-Ins (Workshops),APEC Workshop on Technical Barriers to Trade: Recent Trends in FTAs | 2025-07-28
APEC Workshop on Technical Barriers to Trade: Recent Trends in FTAs,2025-07-27,recqvqMEpTfZTKevx,United States of America,USTR,OT1 Sign-Ins (Workshops),APEC Workshop on Technical Barriers to Trade: Recent Trends in FTAs | 2025-07-27
Workshop on Applying the APEC Services Index in Regionally Relevant Use Cases,2025-08-08,recIze3I0sDtjtxap,Chile,Ministry of Foreign Affairs,OT1 Sign-Ins (Workshops),Workshop on Applying the APEC Services Index in Regionally Relevant Use Cases | 2025-08-08
APEC Workshop on Technical Barriers to Trade: Recent Trends in FTAs,2025-07-29,recqvqMEpTfZTKevx,Thailand,TISI,OT1 Sign-Ins (Workshops),APEC Workshop on Technical Barriers to Trade: Recent Trends in FTAs | 2025-07-29
Workshop on Digital Standards: Shaping the Future of Standardization,2025-07-27,recO6Wye9q46CaYxb,Other,Japanese Standards Association Group,OT1 Sign-Ins (Workshops),Workshop on Digital Standards: Shaping the Future of Standardization | 2025-07-27
Workshop on Digital Standards: Shaping the Future of Standardization,2025-07-27,recO6Wye9q46CaYxb,Other,The Boeing Company ,OT1 Sign-Ins (Workshops),Workshop on Digital Standards: Shaping the Future of Standardization | 2025-07-27
APEC Workshop on Advancing the FTAAP: Issues Related to Rules of Origin,2025-08-02,reckuD4pDTWtZesJN,Papua New Guinea,National Customs Service ,OT1 Sign-Ins (Workshops),APEC Workshop on Advancing the FTAAP: Issues Related to Rules of Origin | 2025-08-02
APEC Workshop on Technical Barriers to Trade: Recent Trends in FTAs,2025-07-27,recqvqMEpTfZTKevx,Viet Nam,"Commission for the Standards, metrology and Quality of Vietnam",OT1 Sign-Ins (Workshops),APEC Workshop on Technical Barriers to Trade: Recent Trends in FTAs | 2025-07-27
Workshop on Applying the APEC Services Index in Regionally Relevant Use Cases,2025-08-08,recIze3I0sDtjtxap,Other,APEC Secretariat ,OT1 Sign-Ins (Workshops),Workshop on Applying the APEC Services Index in Regionally Relevant Use Cases | 2025-08-08
Workshop on Applying the APEC Services Index in Regionally Relevant Use Cases,2025-08-08,recIze3I0sDtjtxap,Other,World Economic Forum,OT1 Sign-Ins (Workshops),Workshop on Applying the APEC Services Index in Regionally Relevant Use Cases | 2025-08-08
Workshop on Digital Standards: Shaping the Future of Standardization,2025-07-27,recO6Wye9q46CaYxb,Other,INCOSE SG Chapter,OT1 Sign-Ins (Workshops),Workshop on Digital Standards: Shaping the Future of Standardization | 2025-07-27
APEC Workshop on Advancing the FTAAP: Issues Related to Rules of Origin,2025-08-01,reckuD4pDTWtZesJN,The Philippines,Tariff Commission,OT1 Sign-Ins (Workshops),APEC Workshop on Advancing the FTAAP: Issues Related to Rules of Origin | 2025-08-01
Workshop on Applying the APEC Services Index in Regionally Relevant Use Cases,2025-08-08,recIze3I0sDtjtxap,Australia,PECC,OT1 Sign-Ins (Workshops),Workshop on Applying the APEC Services Index in Regionally Relevant Use Cases | 2025-08-08
Workshop on Digital Standards: Shaping the Future of Standardization,2025-07-28,recO6Wye9q46CaYxb,Australia,Delegate,OT1 Sign-Ins (Workshops),Workshop on Digital Standards: Shaping the Future of Standardization | 2025-07-28
APEC Workshop on Technical Barriers to Trade: Recent Trends in FTAs,2025-07-29,recqvqMEpTfZTKevx,Peru,"National agrarian health service SENASA, Control Authority organic production",OT1 Sign-Ins (Workshops),APEC Workshop on Technical Barriers to Trade: Recent Trends in FTAs | 2025-07-29
APEC Workshop on Advancing the FTAAP: Issues Related to Rules of Origin,2025-08-02,reckuD4pDTWtZesJN,Viet Nam,Department of Customs,OT1 Sign-Ins (Workshops),APEC Workshop on Advancing the FTAAP: Issues Related to Rules of Origin | 2025-08-02
APEC Workshop on Advancing the FTAAP: Issues Related to Rules of Origin,2025-08-01,reckuD4pDTWtZesJN,Chinese Taipei,Office of Trade Negotiations,OT1 Sign-Ins (Workshops),APEC Workshop on Advancing the FTAAP: Issues Related to Rules of Origin | 2025-08-01
APEC Workshop on Technical Barriers to Trade: Recent Trends in FTAs,2025-07-28,recqvqMEpTfZTKevx,Indonesia,National Standardization Agency of Indonesia,OT1 Sign-Ins (Workshops),APEC Workshop on Technical Barriers to Trade: Recent Trends in FTAs | 2025-07-28
APEC Workshop on Technical Barriers to Trade: Recent Trends in FTAs,2025-07-28,recqvqMEpTfZTKevx,Republic of Korea,KATS,OT1 Sign-Ins (Workshops),APEC Workshop on Technical Barriers to Trade: Recent Trends in FTAs | 2025-07-28
APEC Workshop on Technical Barriers to Trade: Recent Trends in FTAs,2025-07-28,recqvqMEpTfZTKevx,Indonesia,National Standardization Agency,OT1 Sign-Ins (Workshops),APEC Workshop on Technical Barriers to Trade: Recent Trends in FTAs | 2025-07-28
APEC Workshop on Technical Barriers to Trade: Recent Trends in FTAs,2025-07-29,recqvqMEpTfZTKevx,Peru,Ministry of Foreign Trade and Tourism,OT1 Sign-Ins (Workshops),APEC Workshop on Technical Barriers to Trade: Recent Trends in FTAs | 2025-07-29
Workshop on Digital Standards: Shaping the Future of Standardization,2025-07-27,recO6Wye9q46CaYxb,Viet Nam,STAMEQ,OT1 Sign-Ins (Workshops),Workshop on Digital Standards: Shaping the Future of Standardization | 2025-07-27
APEC Workshop on Advancing the FTAAP: Issues Related to Rules of Origin,2025-08-02,reckuD4pDTWtZesJN,United States of America,Specialized,OT1 Sign-Ins (Workshops),APEC Workshop on Advancing the FTAAP: Issues Related to Rules of Origin | 2025-08-02
Workshop on Digital Standards: Shaping the Future of Standardization,2025-07-28,recO6Wye9q46CaYxb,Other,Stendard,OT1 Sign-Ins (Workshops),Workshop on Digital Standards: Shaping the Future of Standardization | 2025-07-28
Workshop on Digital Standards: Shaping the Future of Standardization,2025-07-27,recO6Wye9q46CaYxb,People's Republic of China,CATARC,OT1 Sign-Ins (Workshops),Workshop on Digital Standards: Shaping the Future of Standardization | 2025-07-27
Workshop on Applying the APEC Services Index in Regionally Relevant Use Cases,2025-08-08,recIze3I0sDtjtxap,"Hong Kong, China","HONG KONG, CHINA",OT1 Sign-Ins (Workshops),Workshop on Applying the APEC Services Index in Regionally Relevant Use Cases | 2025-08-08
APEC Workshop on Advancing the FTAAP: Issues Related to Rules of Origin,2025-08-01,reckuD4pDTWtZesJN,Other,Unctad,OT1 Sign-Ins (Workshops),APEC Workshop on Advancing the FTAAP: Issues Related to Rules of Origin | 2025-08-01
APEC Workshop on Advancing the FTAAP: Issues Related to Rules of Origin,2025-08-02,reckuD4pDTWtZesJN,The Philippines,Department of Trade and Industry,OT1 Sign-Ins (Workshops),APEC Workshop on Advancing the FTAAP: Issues Related to Rules of Origin | 2025-08-02
APEC Workshop on Technical Barriers to Trade: Recent Trends in FTAs,2025-07-28,recqvqMEpTfZTKevx,The Philippines,Department of Trade and Industry,OT1 Sign-Ins (Workshops),APEC Workshop on Technical Barriers to Trade: Recent Trends in FTAs | 2025-07-28
APEC Workshop on Advancing the FTAAP: Issues Related to Rules of Origin,2025-08-02,reckuD4pDTWtZesJN,The Philippines,Tariff Commission,OT1 Sign-Ins (Workshops),APEC Workshop on Advancing the FTAAP: Issues Related to Rules of Origin | 2025-08-02
APEC Workshop on Technical Barriers to Trade: Recent Trends in FTAs,2025-07-28,recqvqMEpTfZTKevx,Indonesia,National Standardization Agency,OT1 Sign-Ins (Workshops),APEC Workshop on Technical Barriers to Trade: Recent Trends in FTAs | 2025-07-28
APEC Workshop on Services Technical Standards Development: The Process and Impact,2025-08-05,recIze3I0sDtjtxap,Japan,"Ministry of Economy, Trade and Industry",OT1 Sign-Ins (Workshops),APEC Workshop on Services Technical Standards Development: The Process and Impact | 2025-08-05
APEC Workshop on Advancing the FTAAP: Issues Related to Rules of Origin,2025-08-01,reckuD4pDTWtZesJN,Other,World Trade Organization,OT1 Sign-Ins (Workshops),APEC Workshop on Advancing the FTAAP: Issues Related to Rules of Origin | 2025-08-01
APEC Workshop on Advancing the FTAAP: Issues Related to Rules of Origin,2025-08-02,reckuD4pDTWtZesJN,Other,Unctad,OT1 Sign-Ins (Workshops),APEC Workshop on Advancing the FTAAP: Issues Related to Rules of Origin | 2025-08-02
Workshop on Advancing Cloud Transformation,2025-07-31,rec8X4hhBa5cOnk18,The Philippines,Department of Information and Communications Technology,OT1 Sign-Ins (Workshops),Workshop on Advancing Cloud Transformation | 2025-07-31
Workshop on Digital Standards: Shaping the Future of Standardization,2025-07-27,recO6Wye9q46CaYxb,Malaysia,Malaysian Communications and Multimedia Commission,OT1 Sign-Ins (Workshops),Workshop on Digital Standards: Shaping the Future of Standardization | 2025-07-27
Workshop on Digital Standards: Shaping the Future of Standardization,2025-07-27,recO6Wye9q46CaYxb,Malaysia,Department of Standards Malaysia,OT1 Sign-Ins (Workshops),Workshop on Digital Standards: Shaping the Future of Standardization | 2025-07-27
APEC Workshop on Technical Barriers to Trade: Recent Trends in FTAs,2025-07-28,recqvqMEpTfZTKevx,Chile,Agricultural and livestock Chile,OT1 Sign-Ins (Workshops),APEC Workshop on Technical Barriers to Trade: Recent Trends in FTAs | 2025-07-28
APEC Workshop on Advancing the FTAAP: Issues Related to Rules of Origin,2025-08-01,reckuD4pDTWtZesJN,Other,Consultores Internacoionales Ansley,OT1 Sign-Ins (Workshops),APEC Workshop on Advancing the FTAAP: Issues Related to Rules of Origin | 2025-08-01
Workshop on Digital Standards: Shaping the Future of Standardization,2025-07-27,recO6Wye9q46CaYxb,United States of America,NIST,OT1 Sign-Ins (Workshops),Workshop on Digital Standards: Shaping the Future of Standardization | 2025-07-27
APEC Workshop on Technical Barriers to Trade: Recent Trends in FTAs,2025-07-28,recqvqMEpTfZTKevx,Singapore,Ministry of Trade and Industry,OT1 Sign-Ins (Workshops),APEC Workshop on Technical Barriers to Trade: Recent Trends in FTAs | 2025-07-28
APEC Workshop on Advancing the FTAAP: Issues Related to Rules of Origin,2025-08-01,reckuD4pDTWtZesJN,United States of America,Dow,OT1 Sign-Ins (Workshops),APEC Workshop on Advancing the FTAAP: Issues Related to Rules of Origin | 2025-08-01
APEC Workshop on Services Technical Standards Development: The Process and Impact,2025-08-05,recIze3I0sDtjtxap,Chinese Taipei,Office of Trade Negotiations,OT1 Sign-Ins (Workshops),APEC Workshop on Services Technical Standards Development: The Process and Impact | 2025-08-05
APEC Workshop on Services Technical Standards Development: The Process and Impact,2025-08-05,recIze3I0sDtjtxap,Canada,Global Affairs Canada,OT1 Sign-Ins (Workshops),APEC Workshop on Services Technical Standards Development: The Process and Impact | 2025-08-05
APEC Workshop on Technical Barriers to Trade: Recent Trends in FTAs,2025-07-28,recqvqMEpTfZTKevx,The Philippines,Philippines Anti-Red Tape Authority,OT1 Sign-Ins (Workshops),APEC Workshop on Technical Barriers to Trade: Recent Trends in FTAs | 2025-07-28
APEC Workshop on Technical Barriers to Trade: Recent Trends in FTAs,2025-07-28,recqvqMEpTfZTKevx,Viet Nam,Commission for standards metrology and quality of Vietnam,OT1 Sign-Ins (Workshops),APEC Workshop on Technical Barriers to Trade: Recent Trends in FTAs | 2025-07-28
APEC Workshop on Technical Barriers to Trade: Recent Trends in FTAs,2025-07-29,recqvqMEpTfZTKevx,Viet Nam,"Commission for the Standards, Metrology and Quality",OT1 Sign-Ins (Workshops),APEC Workshop on Technical Barriers to Trade: Recent Trends in FTAs | 2025-07-29
APEC Workshop on Services Technical Standards Development: The Process and Impact,2025-08-05,recIze3I0sDtjtxap,Thailand,Ministry of Commerce,OT1 Sign-Ins (Workshops),APEC Workshop on Services Technical Standards Development: The Process and Impact | 2025-08-05
APEC Workshop on Technical Barriers to Trade: Recent Trends in FTAs,2025-07-29,recqvqMEpTfZTKevx,The Philippines,DEPARTMANT OF TRADE AND INDUSTRY,OT1 Sign-Ins (Workshops),APEC Workshop on Technical Barriers to Trade: Recent Trends in FTAs | 2025-07-29
Workshop on Advancing Cloud Transformation,2025-07-31,rec8X4hhBa5cOnk18,United States of America,AWS,OT1 Sign-Ins (Workshops),Workshop on Advancing Cloud Transformation | 2025-07-31
APEC Workshop on Advancing the FTAAP: Issues Related to Rules of Origin,2025-08-01,reckuD4pDTWtZesJN,Other,Asian Development Bank,OT1 Sign-Ins (Workshops),APEC Workshop on Advancing the FTAAP: Issues Related to Rules of Origin | 2025-08-01
APEC Workshop on Technical Barriers to Trade: Recent Trends in FTAs,2025-07-28,recqvqMEpTfZTKevx,Thailand,Thai Industrial Standards Institute,OT1 Sign-Ins (Workshops),APEC Workshop on Technical Barriers to Trade: Recent Trends in FTAs | 2025-07-28
APEC Workshop on Technical Barriers to Trade: Recent Trends in FTAs,2025-07-29,recqvqMEpTfZTKevx,Thailand,Thai Industrial Standards Institute,OT1 Sign-Ins (Workshops),APEC Workshop on Technical Barriers to Trade: Recent Trends in FTAs | 2025-07-29
APEC Workshop on Advancing the FTAAP: Issues Related to Rules of Origin,2025-08-01,reckuD4pDTWtZesJN,Chile,Trade Consultants,OT1 Sign-Ins (Workshops),APEC Workshop on Advancing the FTAAP: Issues Related to Rules of Origin | 2025-08-01
APEC Workshop on Services Technical Standards Development: The Process and Impact,2025-08-05,recIze3I0sDtjtxap,Chile,Ministry of Foreign Affairs,OT1 Sign-Ins (Workshops),APEC Workshop on Services Technical Standards Development: The Process and Impact | 2025-08-05
Workshop on Advancing Cloud Transformation,2025-07-31,rec8X4hhBa5cOnk18,Thailand,NBTC,OT1 Sign-Ins (Workshops),Workshop on Advancing Cloud Transformation | 2025-07-31
Workshop on Digital Standards: Shaping the Future of Standardization,2025-07-28,recO6Wye9q46CaYxb,Malaysia,Malaysian Communications and Multimedia Commission,OT1 Sign-Ins (Workshops),Workshop on Digital Standards: Shaping the Future of Standardization | 2025-07-28
APEC Workshop on Technical Barriers to Trade: Recent Trends in FTAs,2025-07-28,recqvqMEpTfZTKevx,Viet Nam,STAMEQ,OT1 Sign-Ins (Workshops),APEC Workshop on Technical Barriers to Trade: Recent Trends in FTAs | 2025-07-28
Workshop on Digital Standards: Shaping the Future of Standardization,2025-07-27,recO6Wye9q46CaYxb,Thailand,Tisi,OT1 Sign-Ins (Workshops),Workshop on Digital Standards: Shaping the Future of Standardization | 2025-07-27
APEC Workshop on Advancing the FTAAP: Issues Related to Rules of Origin,2025-08-02,reckuD4pDTWtZesJN,Other,World Customs Organization,OT1 Sign-Ins (Workshops),APEC Workshop on Advancing the FTAAP: Issues Related to Rules of Origin | 2025-08-02
APEC Workshop on Technical Barriers to Trade: Recent Trends in FTAs,2025-07-29,recqvqMEpTfZTKevx,Indonesia,National Standardization Agency of Indonesia,OT1 Sign-Ins (Workshops),APEC Workshop on Technical Barriers to Trade: Recent Trends in FTAs | 2025-07-29
APEC Workshop on Advancing the FTAAP: Issues Related to Rules of Origin,2025-08-01,reckuD4pDTWtZesJN,Papua New Guinea,PNG CUSTOMS,OT1 Sign-Ins (Workshops),APEC Workshop on Advancing the FTAAP: Issues Related to Rules of Origin | 2025-08-01
Workshop on Advancing Cloud Transformation,2025-07-31,rec8X4hhBa5cOnk18,United States of America,Access Partnership ,OT1 Sign-Ins (Workshops),Workshop on Advancing Cloud Transformation | 2025-07-31
Workshop on Advancing Cloud Transformation,2025-07-30,recO6Wye9q46CaYxb,United States of America,Crowell & Moring International,OT1 Sign-Ins (Workshops),Workshop on Advancing Cloud Transformation | 2025-07-30
APEC Workshop on Services Technical Standards Development: The Process and Impact,2025-08-05,recIze3I0sDtjtxap,Other,World Trade Organization,OT1 Sign-Ins (Workshops),APEC Workshop on Services Technical Standards Development: The Process and Impact | 2025-08-05
APEC Workshop on Advancing the FTAAP: Issues Related to Rules of Origin,2025-08-02,reckuD4pDTWtZesJN,Viet Nam,Ministry of Industry and Trade,OT1 Sign-Ins (Workshops),APEC Workshop on Advancing the FTAAP: Issues Related to Rules of Origin | 2025-08-02
APEC Workshop on Advancing the FTAAP: Issues Related to Rules of Origin,2025-08-02,reckuD4pDTWtZesJN,Indonesia,Ministry of Trade,OT1 Sign-Ins (Workshops),APEC Workshop on Advancing the FTAAP: Issues Related to Rules of Origin | 2025-08-02
Workshop on Applying the APEC Services Index in Regionally Relevant Use Cases,2025-08-08,recIze3I0sDtjtxap,"Hong Kong, China",Department of Trade and Industry,OT1 Sign-Ins (Workshops),Workshop on Applying the APEC Services Index in Regionally Relevant Use Cases | 2025-08-08
Workshop on Digital Standards: Shaping the Future of Standardization,2025-07-27,recO6Wye9q46CaYxb,Canada,SCC,OT1 Sign-Ins (Workshops),Workshop on Digital Standards: Shaping the Future of Standardization | 2025-07-27
Workshop on Applying the APEC Services Index in Regionally Relevant Use Cases,2025-08-08,recIze3I0sDtjtxap,Thailand,Ministry of Commerce,OT1 Sign-Ins (Workshops),Workshop on Applying the APEC Services Index in Regionally Relevant Use Cases | 2025-08-08
Workshop on Advancing Cloud Transformation,2025-07-31,rec8X4hhBa5cOnk18,Papua New Guinea,NICTA,OT1 Sign-Ins (Workshops),Workshop on Advancing Cloud Transformation | 2025-07-31
Workshop on Applying the APEC Services Index in Regionally Relevant Use Cases,2025-08-08,recIze3I0sDtjtxap,Peru,MINCETUR,OT1 Sign-Ins (Workshops),Workshop on Applying the APEC Services Index in Regionally Relevant Use Cases | 2025-08-08
APEC Workshop on Technical Barriers to Trade: Recent Trends in FTAs,2025-07-29,recqvqMEpTfZTKevx,Republic of Korea,Korea Agency of Technology and Standards,OT1 Sign-Ins (Workshops),APEC Workshop on Technical Barriers to Trade: Recent Trends in FTAs | 2025-07-29
Workshop on Digital Standards: Shaping the Future of Standardization,2025-07-27,recO6Wye9q46CaYxb,Thailand,The federation of Thai industries,OT1 Sign-Ins (Workshops),Workshop on Digital Standards: Shaping the Future of Standardization | 2025-07-27
Workshop on Digital Standards: Shaping the Future of Standardization,2025-07-28,recO6Wye9q46CaYxb,People's Republic of China,CATARC ,OT1 Sign-Ins (Workshops),Workshop on Digital Standards: Shaping the Future of Standardization | 2025-07-28
Workshop on Applying the APEC Services Index in Regionally Relevant Use Cases,2025-08-08,recIze3I0sDtjtxap,Japan,"Ministry of Economy, Trade and Industry",OT1 Sign-Ins (Workshops),Workshop on Applying the APEC Services Index in Regionally Relevant Use Cases | 2025-08-08
APEC Workshop on Advancing the FTAAP: Issues Related to Rules of Origin,2025-08-02,reckuD4pDTWtZesJN,Other,Consultores internacionales Ansley,OT1 Sign-Ins (Workshops),APEC Workshop on Advancing the FTAAP: Issues Related to Rules of Origin | 2025-08-02
Workshop on Applying the APEC Services Index in Regionally Relevant Use Cases,2025-08-08,recIze3I0sDtjtxap,Malaysia,"Ministry of Investment, Trade and Industry",OT1 Sign-Ins (Workshops),Workshop on Applying the APEC Services Index in Regionally Relevant Use Cases | 2025-08-08
Workshop on Applying the APEC Services Index in Regionally Relevant Use Cases,2025-08-08,recIze3I0sDtjtxap,Australia,PECC,OT1 Sign-Ins (Workshops),Workshop on Applying the APEC Services Index in Regionally Relevant Use Cases | 2025-08-08
APEC Workshop on Advancing the FTAAP: Issues Related to Rules of Origin,2025-08-01,reckuD4pDTWtZesJN,The Philippines,Department of Trade and Industry,OT1 Sign-Ins (Workshops),APEC Workshop on Advancing the FTAAP: Issues Related to Rules of Origin | 2025-08-01
APEC Workshop on Technical Barriers to Trade: Recent Trends in FTAs,2025-07-27,recqvqMEpTfZTKevx,People's Republic of China,Samr,OT1 Sign-Ins (Workshops),APEC Workshop on Technical Barriers to Trade: Recent Trends in FTAs | 2025-07-27
APEC Workshop on Technical Barriers to Trade: Recent Trends in FTAs,2025-07-28,recqvqMEpTfZTKevx,Thailand,Thai Industrial Standards Institute,OT1 Sign-Ins (Workshops),APEC Workshop on Technical Barriers to Trade: Recent Trends in FTAs | 2025-07-28
APEC Workshop on Advancing the FTAAP: Issues Related to Rules of Origin,2025-08-01,reckuD4pDTWtZesJN,Chile,Subrei,OT1 Sign-Ins (Workshops),APEC Workshop on Advancing the FTAAP: Issues Related to Rules of Origin | 2025-08-01
Workshop on Digital Standards: Shaping the Future of Standardization,2025-07-27,recO6Wye9q46CaYxb,Malaysia,DSM MALAYSIA,OT1 Sign-Ins (Workshops),Workshop on Digital Standards: Shaping the Future of Standardization | 2025-07-27
Workshop on Applying the APEC Services Index in Regionally Relevant Use Cases,2025-08-08,recIze3I0sDtjtxap,Other,World Trade Organization,OT1 Sign-Ins (Workshops),Workshop on Applying the APEC Services Index in Regionally Relevant Use Cases | 2025-08-08
APEC Workshop on Implementing Trade Policy to Foster Quality Growth: Data and Analytical Tools,2025-08-09,recx8jdfEcebA5nAS,Indonesia,Statistics indonesia,OT1 Sign-Ins (Workshops),APEC Workshop on Implementing Trade Policy to Foster Quality Growth: Data and Analytical Tools | 2025-08-09
APEC Workshop on Implementing Trade Policy to Foster Quality Growth: Data and Analytical Tools,2025-08-09,recx8jdfEcebA5nAS,Canada,Global affairs Canada,OT1 Sign-Ins (Workshops),APEC Workshop on Implementing Trade Policy to Foster Quality Growth: Data and Analytical Tools | 2025-08-09
Workshop on Digital Standards: Shaping the Future of Standardization,2025-07-27,recO6Wye9q46CaYxb,Indonesia,National Standardization Agency,OT1 Sign-Ins (Workshops),Workshop on Digital Standards: Shaping the Future of Standardization | 2025-07-27
APEC Workshop on Technical Barriers to Trade: Recent Trends in FTAs,2025-07-28,recqvqMEpTfZTKevx,Indonesia,National Standardization Agency of Indonesia,OT1 Sign-Ins (Workshops),APEC Workshop on Technical Barriers to Trade: Recent Trends in FTAs | 2025-07-28
APEC Workshop on Technical Barriers to Trade: Recent Trends in FTAs,2025-07-28,recqvqMEpTfZTKevx,Other,World Trade Organization,OT1 Sign-Ins (Workshops),APEC Workshop on Technical Barriers to Trade: Recent Trends in FTAs | 2025-07-28
APEC Workshop on Advancing the FTAAP: Issues Related to Rules of Origin,2025-08-02,reckuD4pDTWtZesJN,Papua New Guinea,NATIONAL TRADE OFFICE,OT1 Sign-Ins (Workshops),APEC Workshop on Advancing the FTAAP: Issues Related to Rules of Origin | 2025-08-02
APEC Workshop on Technical Barriers to Trade: Recent Trends in FTAs,2025-07-28,recqvqMEpTfZTKevx,Thailand,Office of the Council of State,OT1 Sign-Ins (Workshops),APEC Workshop on Technical Barriers to Trade: Recent Trends in FTAs | 2025-07-28
APEC Workshop on Technical Barriers to Trade: Recent Trends in FTAs,2025-07-28,recqvqMEpTfZTKevx,Mexico,Digital Transformation and Telecommunications Agency ,OT1 Sign-Ins (Workshops),APEC Workshop on Technical Barriers to Trade: Recent Trends in FTAs | 2025-07-28
Workshop on Advancing Cloud Transformation,2025-07-31,rec8X4hhBa5cOnk18,Chinese Taipei,Telecom technology Center,OT1 Sign-Ins (Workshops),Workshop on Advancing Cloud Transformation | 2025-07-31
Workshop on Digital Standards: Shaping the Future of Standardization,2025-07-27,recO6Wye9q46CaYxb,New Zealand,Ministry Primary Industries,OT1 Sign-Ins (Workshops),Workshop on Digital Standards: Shaping the Future of Standardization | 2025-07-27
APEC Workshop on Services Technical Standards Development: The Process and Impact,2025-08-05,recIze3I0sDtjtxap,Other,Incits,OT1 Sign-Ins (Workshops),APEC Workshop on Services Technical Standards Development: The Process and Impact | 2025-08-05
Workshop on Digital Standards: Shaping the Future of Standardization,2025-07-27,recO6Wye9q46CaYxb,Malaysia,DSM Malaysia,OT1 Sign-Ins (Workshops),Workshop on Digital Standards: Shaping the Future of Standardization | 2025-07-27
APEC Workshop on Services Technical Standards Development: The Process and Impact,2025-08-05,recIze3I0sDtjtxap,Singapore,PECC,OT1 Sign-Ins (Workshops),APEC Workshop on Services Technical Standards Development: The Process and Impact | 2025-08-05
Workshop on Applying the APEC Services Index in Regionally Relevant Use Cases,2025-08-08,recIze3I0sDtjtxap,The Philippines,"DEPDev: Department of Economy, Planning, and Development",OT1 Sign-Ins (Workshops),Workshop on Applying the APEC Services Index in Regionally Relevant Use Cases | 2025-08-08
APEC Workshop on Technical Barriers to Trade: Recent Trends in FTAs,2025-07-27,recqvqMEpTfZTKevx,Malaysia,DEPARTMENT OF STANDARDS MALAYSIA,OT1 Sign-Ins (Workshops),APEC Workshop on Technical Barriers to Trade: Recent Trends in FTAs | 2025-07-27
APEC Workshop on Services Technical Standards Development: The Process and Impact,2025-08-05,recIze3I0sDtjtxap,Other,HL7 New Zealand,OT1 Sign-Ins (Workshops),APEC Workshop on Services Technical Standards Development: The Process and Impact | 2025-08-05
APEC Workshop on Advancing the FTAAP: Issues Related to Rules of Origin,2025-08-02,reckuD4pDTWtZesJN,Thailand,Ministry of Commerce,OT1 Sign-Ins (Workshops),APEC Workshop on Advancing the FTAAP: Issues Related to Rules of Origin | 2025-08-02
Workshop on Applying the APEC Services Index in Regionally Relevant Use Cases,2025-08-08,recIze3I0sDtjtxap,Australia,DFAT,OT1 Sign-Ins (Workshops),Workshop on Applying the APEC Services Index in Regionally Relevant Use Cases | 2025-08-08
Workshop on Applying the APEC Services Index in Regionally Relevant Use Cases,2025-08-08,recIze3I0sDtjtxap,Chile,Mofa,OT1 Sign-Ins (Workshops),Workshop on Applying the APEC Services Index in Regionally Relevant Use Cases | 2025-08-08
APEC Workshop on Services Technical Standards Development: The Process and Impact,2025-08-05,recIze3I0sDtjtxap,Republic of Korea,"Ministry of Industry, Trade and Energy",OT1 Sign-Ins (Workshops),APEC Workshop on Services Technical Standards Development: The Process and Impact | 2025-08-05
APEC Workshop on Advancing the FTAAP: Issues Related to Rules of Origin,2025-08-02,reckuD4pDTWtZesJN,Thailand,Department of Trade Negotiations,OT1 Sign-Ins (Workshops),APEC Workshop on Advancing the FTAAP: Issues Related to Rules of Origin | 2025-08-02
Workshop on Applying the APEC Services Index in Regionally Relevant Use Cases,2025-08-08,recIze3I0sDtjtxap,Other,ANU,OT1 Sign-Ins (Workshops),Workshop on Applying the APEC Services Index in Regionally Relevant Use Cases | 2025-08-08
APEC Workshop on Technical Barriers to Trade: Recent Trends in FTAs,2025-07-27,recqvqMEpTfZTKevx,Peru,Agrarian Health Official Services as National Authority Control of  organic products,OT1 Sign-Ins (Workshops),APEC Workshop on Technical Barriers to Trade: Recent Trends in FTAs | 2025-07-27
Workshop on Advancing Cloud Transformation,2025-07-31,rec8X4hhBa5cOnk18,United States of America,Pecc,OT1 Sign-Ins (Workshops),Workshop on Advancing Cloud Transformation | 2025-07-31
APEC Workshop on Technical Barriers to Trade: Recent Trends in FTAs,2025-07-29,recqvqMEpTfZTKevx,Republic of Korea,Korean Standards Association,OT1 Sign-Ins (Workshops),APEC Workshop on Technical Barriers to Trade: Recent Trends in FTAs | 2025-07-29
APEC Workshop on Implementing Trade Policy to Foster Quality Growth: Data and Analytical Tools,2025-08-09,recx8jdfEcebA5nAS,The Philippines,Department of Trade and Industry,OT1 Sign-Ins (Workshops),APEC Workshop on Implementing Trade Policy to Foster Quality Growth: Data and Analytical Tools | 2025-08-09
Workshop on Digital Standards: Shaping the Future of Standardization,2025-07-27,recO6Wye9q46CaYxb,Other,Stendard,OT1 Sign-Ins (Workshops),Workshop on Digital Standards: Shaping the Future of Standardization | 2025-07-27
APEC Workshop on Technical Barriers to Trade: Recent Trends in FTAs,2025-07-27,recqvqMEpTfZTKevx,United States of America,Walmart,OT1 Sign-Ins (Workshops),APEC Workshop on Technical Barriers to Trade: Recent Trends in FTAs | 2025-07-27
Workshop on Digital Standards: Shaping the Future of Standardization,2025-07-27,recO6Wye9q46CaYxb,Canada,Standards Council of Canada,OT1 Sign-Ins (Workshops),Workshop on Digital Standards: Shaping the Future of Standardization | 2025-07-27
APEC Workshop on Services Technical Standards Development: The Process and Impact,2025-08-05,recIze3I0sDtjtxap,Thailand,Ministry of Commerce,OT1 Sign-Ins (Workshops),APEC Workshop on Services Technical Standards Development: The Process and Impact | 2025-08-05
APEC Workshop on Advancing the FTAAP: Issues Related to Rules of Origin,2025-08-01,reckuD4pDTWtZesJN,United States of America,WilmerHale,OT1 Sign-Ins (Workshops),APEC Workshop on Advancing the FTAAP: Issues Related to Rules of Origin | 2025-08-01
APEC Workshop on Services Technical Standards Development: The Process and Impact,2025-08-05,recIze3I0sDtjtxap,Republic of Korea,"Ministry of Trade, Industry and Energy",OT1 Sign-Ins (Workshops),APEC Workshop on Services Technical Standards Development: The Process and Impact | 2025-08-05
APEC Workshop on Technical Barriers to Trade: Recent Trends in FTAs,2025-07-29,recqvqMEpTfZTKevx,The Philippines,Department of Trade and Industry,OT1 Sign-Ins (Workshops),APEC Workshop on Technical Barriers to Trade: Recent Trends in FTAs | 2025-07-29
APEC Workshop on Technical Barriers to Trade: Recent Trends in FTAs,2025-07-29,recqvqMEpTfZTKevx,The Philippines,Philippines Anti-Red Tape Authority,OT1 Sign-Ins (Workshops),APEC Workshop on Technical Barriers to Trade: Recent Trends in FTAs | 2025-07-29
APEC Workshop on Technical Barriers to Trade: Recent Trends in FTAs,2025-07-28,recqvqMEpTfZTKevx,People's Republic of China,Guangxi Institute of Standards and Technology,OT1 Sign-Ins (Workshops),APEC Workshop on Technical Barriers to Trade: Recent Trends in FTAs | 2025-07-28
Workshop on Digital Standards: Shaping the Future of Standardization,2025-07-27,recO6Wye9q46CaYxb,Republic of Korea,Korea testing laboratory,OT1 Sign-Ins (Workshops),Workshop on Digital Standards: Shaping the Future of Standardization | 2025-07-27
APEC Workshop on Technical Barriers to Trade: Recent Trends in FTAs,2025-07-28,recqvqMEpTfZTKevx,People's Republic of China,CHINA CERTIFICATION & ACCREDITATION INSTITUTE,OT1 Sign-Ins (Workshops),APEC Workshop on Technical Barriers to Trade: Recent Trends in FTAs | 2025-07-28
APEC Workshop on Technical Barriers to Trade: Recent Trends in FTAs,2025-07-28,recqvqMEpTfZTKevx,The Philippines,Department of Trade and Industry,OT1 Sign-Ins (Workshops),APEC Workshop on Technical Barriers to Trade: Recent Trends in FTAs | 2025-07-28
APEC Workshop on Advancing the FTAAP: Issues Related to Rules of Origin,2025-08-01,reckuD4pDTWtZesJN,Indonesia,Ministry of Trade,OT1 Sign-Ins (Workshops),APEC Workshop on Advancing the FTAAP: Issues Related to Rules of Origin | 2025-08-01
APEC Workshop on Advancing the FTAAP: Issues Related to Rules of Origin,2025-08-01,reckuD4pDTWtZesJN,Other,World Customs Organization,OT1 Sign-Ins (Workshops),APEC Workshop on Advancing the FTAAP: Issues Related to Rules of Origin | 2025-08-01
Workshop on Advancing Cloud Transformation,2025-07-31,rec8X4hhBa5cOnk18,United States of America,NEXTRADE GROUP,OT1 Sign-Ins (Workshops),Workshop on Advancing Cloud Transformation | 2025-07-31
APEC Workshop on Advancing the FTAAP: Issues Related to Rules of Origin,2025-08-02,reckuD4pDTWtZesJN,Japan,"Ministry of Economy, Trade and Industry",OT1 Sign-Ins (Workshops),APEC Workshop on Advancing the FTAAP: Issues Related to Rules of Origin | 2025-08-02
Workshop on Digital Standards: Shaping the Future of Standardization,2025-07-27,recO6Wye9q46CaYxb,Indonesia,National Standardization Agency,OT1 Sign-Ins (Workshops),Workshop on Digital Standards: Shaping the Future of Standardization | 2025-07-27
APEC Workshop on Technical Barriers to Trade: Recent Trends in FTAs,2025-07-29,recqvqMEpTfZTKevx,United States of America,ASTM International ,OT1 Sign-Ins (Workshops),APEC Workshop on Technical Barriers to Trade: Recent Trends in FTAs | 2025-07-29
APEC Workshop on Technical Barriers to Trade: Recent Trends in FTAs,2025-07-28,recqvqMEpTfZTKevx,Republic of Korea,TBT R&I CENTER,OT1 Sign-Ins (Workshops),APEC Workshop on Technical Barriers to Trade: Recent Trends in FTAs | 2025-07-28
APEC Workshop on Services Technical Standards Development: The Process and Impact,2025-08-05,recIze3I0sDtjtxap,The Philippines,Technical Education and Skills Development Authority (TESDA),OT1 Sign-Ins (Workshops),APEC Workshop on Services Technical Standards Development: The Process and Impact | 2025-08-05
Workshop on Applying the APEC Services Index in Regionally Relevant Use Cases,2025-08-08,recIze3I0sDtjtxap,Indonesia,Ministry of Trade,OT1 Sign-Ins (Workshops),Workshop on Applying the APEC Services Index in Regionally Relevant Use Cases | 2025-08-08
APEC Workshop on Advancing the FTAAP: Issues Related to Rules of Origin,2025-08-01,reckuD4pDTWtZesJN,Japan,Ministry of Finance,OT1 Sign-Ins (Workshops),APEC Workshop on Advancing the FTAAP: Issues Related to Rules of Origin | 2025-08-01
Workshop on Digital Standards: Shaping the Future of Standardization,2025-07-27,recO6Wye9q46CaYxb,Viet Nam,STAMEQ,OT1 Sign-Ins (Workshops),Workshop on Digital Standards: Shaping the Future of Standardization | 2025-07-27
Workshop on Digital Standards: Shaping the Future of Standardization,2025-07-27,recO6Wye9q46CaYxb,Australia,Standards Australia,OT1 Sign-Ins (Workshops),Workshop on Digital Standards: Shaping the Future of Standardization | 2025-07-27
APEC Workshop on Technical Barriers to Trade: Recent Trends in FTAs,2025-07-29,recqvqMEpTfZTKevx,Other,World Trade Organization,OT1 Sign-Ins (Workshops),APEC Workshop on Technical Barriers to Trade: Recent Trends in FTAs | 2025-07-29
APEC Workshop on Implementing Trade Policy to Foster Quality Growth: Data and Analytical Tools,2025-08-09,recx8jdfEcebA5nAS,Canada,Gac,OT1 Sign-Ins (Workshops),APEC Workshop on Implementing Trade Policy to Foster Quality Growth: Data and Analytical Tools | 2025-08-09
APEC Workshop on Technical Barriers to Trade: Recent Trends in FTAs,2025-07-28,recqvqMEpTfZTKevx,Chile,Undersecretary Of International and Economic Affair,OT1 Sign-Ins (Workshops),APEC Workshop on Technical Barriers to Trade: Recent Trends in FTAs | 2025-07-28
APEC Workshop on Technical Barriers to Trade: Recent Trends in FTAs,2025-07-29,recqvqMEpTfZTKevx,Republic of Korea,Kats,OT1 Sign-Ins (Workshops),APEC Workshop on Technical Barriers to Trade: Recent Trends in FTAs | 2025-07-29
APEC Workshop on Technical Barriers to Trade: Recent Trends in FTAs,2025-07-28,recqvqMEpTfZTKevx,The Philippines,Department of Trade and Industry,OT1 Sign-Ins (Workshops),APEC Workshop on Technical Barriers to Trade: Recent Trends in FTAs | 2025-07-28
APEC Workshop on Technical Barriers to Trade: Recent Trends in FTAs,2025-07-28,recqvqMEpTfZTKevx,People's Republic of China,Samr,OT1 Sign-Ins (Workshops),APEC Workshop on Technical Barriers to Trade: Recent Trends in FTAs | 2025-07-28
APEC Workshop on Advancing the FTAAP: Issues Related to Rules of Origin,2025-08-01,reckuD4pDTWtZesJN,Viet Nam,General Department of Viet Nam Customs,OT1 Sign-Ins (Workshops),APEC Workshop on Advancing the FTAAP: Issues Related to Rules of Origin | 2025-08-01
APEC Workshop on Advancing the FTAAP: Issues Related to Rules of Origin,2025-08-02,reckuD4pDTWtZesJN,Peru,Ministry of Foreign Trade and Tourism,OT1 Sign-Ins (Workshops),APEC Workshop on Advancing the FTAAP: Issues Related to Rules of Origin | 2025-08-02
APEC Workshop on Technical Barriers to Trade: Recent Trends in FTAs,2025-07-29,recqvqMEpTfZTKevx,Thailand,Thai Industrial Standards Institute,OT1 Sign-Ins (Workshops),APEC Workshop on Technical Barriers to Trade: Recent Trends in FTAs | 2025-07-29
APEC Workshop on Advancing the FTAAP: Issues Related to Rules of Origin,2025-08-01,reckuD4pDTWtZesJN,Indonesia,Ministry of Trade,OT1 Sign-Ins (Workshops),APEC Workshop on Advancing the FTAAP: Issues Related to Rules of Origin | 2025-08-01
Workshop on Applying the APEC Services Index in Regionally Relevant Use Cases,2025-08-08,recIze3I0sDtjtxap,Other,OECD,OT1 Sign-Ins (Workshops),Workshop on Applying the APEC Services Index in Regionally Relevant Use Cases | 2025-08-08
APEC Workshop on Technical Barriers to Trade: Recent Trends in FTAs,2025-07-27,recqvqMEpTfZTKevx,United States of America,ASTM International ,OT1 Sign-Ins (Workshops),APEC Workshop on Technical Barriers to Trade: Recent Trends in FTAs | 2025-07-27
Workshop on Applying the APEC Services Index in Regionally Relevant Use Cases,2025-08-08,recIze3I0sDtjtxap,Chinese Taipei,International Trade Adminstration,OT1 Sign-Ins (Workshops),Workshop on Applying the APEC Services Index in Regionally Relevant Use Cases | 2025-08-08
Workshop on Digital Standards: Shaping the Future of Standardization,2025-07-27,recO6Wye9q46CaYxb,Malaysia,Dept. of Standards Malaysia,OT1 Sign-Ins (Workshops),Workshop on Digital Standards: Shaping the Future of Standardization | 2025-07-27
APEC Workshop on Services Technical Standards Development: The Process and Impact,2025-08-05,recIze3I0sDtjtxap,Australia,DFAT,OT1 Sign-Ins (Workshops),APEC Workshop on Services Technical Standards Development: The Process and Impact | 2025-08-05
Workshop on Digital Standards: Shaping the Future of Standardization,2025-07-27,recO6Wye9q46CaYxb,The Philippines,Bureau of Philippine Standards,OT1 Sign-Ins (Workshops),Workshop on Digital Standards: Shaping the Future of Standardization | 2025-07-27
Workshop on Advancing Cloud Transformation,2025-07-31,rec8X4hhBa5cOnk18,Malaysia,MyDIGITAL Corporation (Ministry of Digital Malaysia),OT1 Sign-Ins (Workshops),Workshop on Advancing Cloud Transformation | 2025-07-31
Workshop on Advancing Cloud Transformation,2025-07-31,rec8X4hhBa5cOnk18,Papua New Guinea,National Information and Communication Technology Authority (NICTA),OT1 Sign-Ins (Workshops),Workshop on Advancing Cloud Transformation | 2025-07-31
APEC Workshop on Implementing Trade Policy to Foster Quality Growth: Data and Analytical Tools,2025-08-09,recx8jdfEcebA5nAS,Thailand,Department of trade nogotiations,OT1 Sign-Ins (Workshops),APEC Workshop on Implementing Trade Policy to Foster Quality Growth: Data and Analytical Tools | 2025-08-09
Workshop on Advancing Cloud Transformation,2025-07-31,rec8X4hhBa5cOnk18,United States of America,NBR,OT1 Sign-Ins (Workshops),Workshop on Advancing Cloud Transformation | 2025-07-31
Workshop on Digital Standards: Shaping the Future of Standardization,2025-07-27,recO6Wye9q46CaYxb,Canada,Standards council of canada,OT1 Sign-Ins (Workshops),Workshop on Digital Standards: Shaping the Future of Standardization | 2025-07-27
APEC Workshop on Technical Barriers to Trade: Recent Trends in FTAs,2025-07-28,recqvqMEpTfZTKevx,United States of America,APEC RISE,OT1 Sign-Ins (Workshops),APEC Workshop on Technical Barriers to Trade: Recent Trends in FTAs | 2025-07-28
Workshop on Applying the APEC Services Index in Regionally Relevant Use Cases,2025-08-08,recIze3I0sDtjtxap,People's Republic of China,Mofcom,OT1 Sign-Ins (Workshops),Workshop on Applying the APEC Services Index in Regionally Relevant Use Cases | 2025-08-08
APEC Workshop on Implementing Trade Policy to Foster Quality Growth: Data and Analytical Tools,2025-08-09,recx8jdfEcebA5nAS,Thailand,Department of commerce,OT1 Sign-Ins (Workshops),APEC Workshop on Implementing Trade Policy to Foster Quality Growth: Data and Analytical Tools | 2025-08-09
APEC Workshop on Implementing Trade Policy to Foster Quality Growth: Data and Analytical Tools,2025-08-09,recx8jdfEcebA5nAS,Chile,ECLAC,OT1 Sign-Ins (Workshops),APEC Workshop on Implementing Trade Policy to Foster Quality Growth: Data and Analytical Tools | 2025-08-09
APEC Workshop on Advancing the FTAAP: Issues Related to Rules of Origin,2025-08-01,reckuD4pDTWtZesJN,Chile,SUBREI Chile,OT1 Sign-Ins (Workshops),APEC Workshop on Advancing the FTAAP: Issues Related to Rules of Origin | 2025-08-01
APEC Workshop on Advancing the FTAAP: Issues Related to Rules of Origin,2025-08-01,reckuD4pDTWtZesJN,Japan,METI,OT1 Sign-Ins (Workshops),APEC Workshop on Advancing the FTAAP: Issues Related to Rules of Origin | 2025-08-01
APEC Workshop on Technical Barriers to Trade: Recent Trends in FTAs,2025-07-28,recqvqMEpTfZTKevx,Malaysia,Department of Standards Malaysia,OT1 Sign-Ins (Workshops),APEC Workshop on Technical Barriers to Trade: Recent Trends in FTAs | 2025-07-28
APEC Workshop on Technical Barriers to Trade: Recent Trends in FTAs,2025-07-29,recqvqMEpTfZTKevx,People's Republic of China,China certification and accreditation insitute,OT1 Sign-Ins (Workshops),APEC Workshop on Technical Barriers to Trade: Recent Trends in FTAs | 2025-07-29
Workshop on Applying the APEC Services Index in Regionally Relevant Use Cases,2025-08-08,recIze3I0sDtjtxap,Brunei Darussalam,Ministry of finance and economy,OT1 Sign-Ins (Workshops),Workshop on Applying the APEC Services Index in Regionally Relevant Use Cases | 2025-08-08
APEC Workshop on Advancing the FTAAP: Issues Related to Rules of Origin,2025-08-02,reckuD4pDTWtZesJN,Chinese Taipei,Office of Trade Negotiators ,OT1 Sign-Ins (Workshops),APEC Workshop on Advancing the FTAAP: Issues Related to Rules of Origin | 2025-08-02
Workshop on Advancing Cloud Transformation,2025-07-31,rec8X4hhBa5cOnk18,Republic of Korea,Kisdi,OT1 Sign-Ins (Workshops),Workshop on Advancing Cloud Transformation | 2025-07-31
APEC Workshop on Advancing the FTAAP: Issues Related to Rules of Origin,2025-08-02,reckuD4pDTWtZesJN,Viet Nam,Moit,OT1 Sign-Ins (Workshops),APEC Workshop on Advancing the FTAAP: Issues Related to Rules of Origin | 2025-08-02
Workshop on Digital Standards: Shaping the Future of Standardization,2025-07-27,recO6Wye9q46CaYxb,Malaysia,DSM MALAYSIA,OT1 Sign-Ins (Workshops),Workshop on Digital Standards: Shaping the Future of Standardization | 2025-07-27
APEC Workshop on Technical Barriers to Trade: Recent Trends in FTAs,2025-07-28,recqvqMEpTfZTKevx,Chile,Subrei,OT1 Sign-Ins (Workshops),APEC Workshop on Technical Barriers to Trade: Recent Trends in FTAs | 2025-07-28
APEC Workshop on Advancing the FTAAP: Issues Related to Rules of Origin,2025-08-01,reckuD4pDTWtZesJN,United States of America,ACC,OT1 Sign-Ins (Workshops),APEC Workshop on Advancing the FTAAP: Issues Related to Rules of Origin | 2025-08-01
APEC Workshop on Advancing the FTAAP: Issues Related to Rules of Origin,2025-08-01,reckuD4pDTWtZesJN,Other,Akin Gump Strauss Hauer & Feld LLP,OT1 Sign-Ins (Workshops),APEC Workshop on Advancing the FTAAP: Issues Related to Rules of Origin | 2025-08-01
Workshop on Digital Standards: Shaping the Future of Standardization,2025-07-27,recO6Wye9q46CaYxb,The Philippines,Department of Trade and Industry,OT1 Sign-Ins (Workshops),Workshop on Digital Standards: Shaping the Future of Standardization | 2025-07-27
APEC Workshop on Technical Barriers to Trade: Recent Trends in FTAs,2025-07-28,recqvqMEpTfZTKevx,United States of America,Specialized Bicycle ,OT1 Sign-Ins (Workshops),APEC Workshop on Technical Barriers to Trade: Recent Trends in FTAs | 2025-07-28
APEC Workshop on Technical Barriers to Trade: Recent Trends in FTAs,2025-07-29,recqvqMEpTfZTKevx,Malaysia,DEPARTMENT OF STANDARDS MALAYSIA,OT1 Sign-Ins (Workshops),APEC Workshop on Technical Barriers to Trade: Recent Trends in FTAs | 2025-07-29
Workshop on Advancing Cloud Transformation,2025-07-31,rec8X4hhBa5cOnk18,United States of America,University of California San diego,OT1 Sign-Ins (Workshops),Workshop on Advancing Cloud Transformation | 2025-07-31
Workshop on Advancing Cloud Transformation,2025-07-30,recO6Wye9q46CaYxb,Chinese Taipei,Moda,OT1 Sign-Ins (Workshops),Workshop on Advancing Cloud Transformation | 2025-07-30
APEC Workshop on Advancing the FTAAP: Issues Related to Rules of Origin,2025-08-02,reckuD4pDTWtZesJN,Chile,SUBREI,OT1 Sign-Ins (Workshops),APEC Workshop on Advancing the FTAAP: Issues Related to Rules of Origin | 2025-08-02
APEC Workshop on Services Technical Standards Development: The Process and Impact,2025-08-05,recIze3I0sDtjtxap,Other,World Economic Forum,OT1 Sign-Ins (Workshops),APEC Workshop on Services Technical Standards Development: The Process and Impact | 2025-08-05
APEC Workshop on Advancing the FTAAP: Issues Related to Rules of Origin,2025-08-02,reckuD4pDTWtZesJN,"Hong Kong, China",tr,OT1 Sign-Ins (Workshops),APEC Workshop on Advancing the FTAAP: Issues Related to Rules of Origin | 2025-08-02
Workshop on Digital Standards: Shaping the Future of Standardization,2025-07-28,recO6Wye9q46CaYxb,Canada,SCC (SDOAC) / CSA Group,OT1 Sign-Ins (Workshops),Workshop on Digital Standards: Shaping the Future of Standardization | 2025-07-28
APEC Workshop on Technical Barriers to Trade: Recent Trends in FTAs,2025-07-28,recqvqMEpTfZTKevx,Malaysia,Department of Standards Malaysia,OT1 Sign-Ins (Workshops),APEC Workshop on Technical Barriers to Trade: Recent Trends in FTAs | 2025-07-28
APEC Workshop on Technical Barriers to Trade: Recent Trends in FTAs,2025-07-29,recqvqMEpTfZTKevx,Viet Nam,STAMEQ,OT1 Sign-Ins (Workshops),APEC Workshop on Technical Barriers to Trade: Recent Trends in FTAs | 2025-07-29
Workshop on Digital Standards: Shaping the Future of Standardization,2025-07-27,recO6Wye9q46CaYxb,The Philippines,Bureau of Philippine Standards,OT1 Sign-Ins (Workshops),Workshop on Digital Standards: Shaping the Future of Standardization | 2025-07-27
APEC Workshop on Advancing the FTAAP: Issues Related to Rules of Origin,2025-08-01,reckuD4pDTWtZesJN,United States of America,Specialized,OT1 Sign-Ins (Workshops),APEC Workshop on Advancing the FTAAP: Issues Related to Rules of Origin | 2025-08-01
Workshop on Digital Standards: Shaping the Future of Standardization,2025-07-27,recO6Wye9q46CaYxb,Other,SAE ITC,OT1 Sign-Ins (Workshops),Workshop on Digital Standards: Shaping the Future of Standardization | 2025-07-27
Workshop on Digital Standards: Shaping the Future of Standardization,2025-07-26,recO6Wye9q46CaYxb,Thailand,The Federation of Thai Industries,OT1 Sign-Ins (Workshops),Workshop on Digital Standards: Shaping the Future of Standardization | 2025-07-26
APEC Workshop on Technical Barriers to Trade: Recent Trends in FTAs,2025-07-28,recqvqMEpTfZTKevx,The Philippines,Department of Trade and Industry,OT1 Sign-Ins (Workshops),APEC Workshop on Technical Barriers to Trade: Recent Trends in FTAs | 2025-07-28
APEC Workshop on Implementing Trade Policy to Foster Quality Growth: Data and Analytical Tools,2025-08-09,recx8jdfEcebA5nAS,Chile,"Undersecretariat of International Economic Relations,",OT1 Sign-Ins (Workshops),APEC Workshop on Implementing Trade Policy to Foster Quality Growth: Data and Analytical Tools | 2025-08-09
APEC Workshop on Advancing the FTAAP: Issues Related to Rules of Origin,2025-08-01,reckuD4pDTWtZesJN,Thailand,Ministry of Commerce,OT1 Sign-Ins (Workshops),APEC Workshop on Advancing the FTAAP: Issues Related to Rules of Origin | 2025-08-01
APEC Workshop on Advancing the FTAAP: Issues Related to Rules of Origin,2025-08-02,reckuD4pDTWtZesJN,"Hong Kong, China",Trade and industry department,OT1 Sign-Ins (Workshops),APEC Workshop on Advancing the FTAAP: Issues Related to Rules of Origin | 2025-08-02
APEC Workshop on Technical Barriers to Trade: Recent Trends in FTAs,2025-07-28,recqvqMEpTfZTKevx,Australia,Standards Australia,OT1 Sign-Ins (Workshops),APEC Workshop on Technical Barriers to Trade: Recent Trends in FTAs | 2025-07-28
Workshop on Applying the APEC Services Index in Regionally Relevant Use Cases,2025-08-08,recIze3I0sDtjtxap,Other,Ore bro university,OT1 Sign-Ins (Workshops),Workshop on Applying the APEC Services Index in Regionally Relevant Use Cases | 2025-08-08
Workshop on Digital Standards: Shaping the Future of Standardization,2025-07-27,recO6Wye9q46CaYxb,Papua New Guinea,National Information & Communications Technology Authoruty,OT1 Sign-Ins (Workshops),Workshop on Digital Standards: Shaping the Future of Standardization | 2025-07-27
APEC Workshop on Technical Barriers to Trade: Recent Trends in FTAs,2025-07-29,recqvqMEpTfZTKevx,Republic of Korea,MSIT,OT1 Sign-Ins (Workshops),APEC Workshop on Technical Barriers to Trade: Recent Trends in FTAs | 2025-07-29
APEC Workshop on Technical Barriers to Trade: Recent Trends in FTAs,2025-07-28,recqvqMEpTfZTKevx,Malaysia,Malaysian Communications and Multimedia Commission,OT1 Sign-Ins (Workshops),APEC Workshop on Technical Barriers to Trade: Recent Trends in FTAs | 2025-07-28
APEC Workshop on Services Technical Standards Development: The Process and Impact,2025-08-05,recIze3I0sDtjtxap,Indonesia,Ministry of Trade,OT1 Sign-Ins (Workshops),APEC Workshop on Services Technical Standards Development: The Process and Impact | 2025-08-05
APEC Workshop on Technical Barriers to Trade: Recent Trends in FTAs,2025-07-28,recqvqMEpTfZTKevx,Chile,Subrei,OT1 Sign-Ins (Workshops),APEC Workshop on Technical Barriers to Trade: Recent Trends in FTAs | 2025-07-28
APEC Workshop on Technical Barriers to Trade: Recent Trends in FTAs,2025-07-27,recqvqMEpTfZTKevx,Republic of Korea,TBTR&I CENTER,OT1 Sign-Ins (Workshops),APEC Workshop on Technical Barriers to Trade: Recent Trends in FTAs | 2025-07-27
APEC Workshop on Services Technical Standards Development: The Process and Impact,2025-08-05,recIze3I0sDtjtxap,Indonesia,Ministry of Trade,OT1 Sign-Ins (Workshops),APEC Workshop on Services Technical Standards Development: The Process and Impact | 2025-08-05
APEC Workshop on Services Technical Standards Development: The Process and Impact,2025-08-05,recIze3I0sDtjtxap,Japan,Ministry of Foreign Affairs of Japan,OT1 Sign-Ins (Workshops),APEC Workshop on Services Technical Standards Development: The Process and Impact | 2025-08-05
APEC Workshop on Advancing the FTAAP: Issues Related to Rules of Origin,2025-08-02,reckuD4pDTWtZesJN,Chile,Trade Consultants,OT1 Sign-Ins (Workshops),APEC Workshop on Advancing the FTAAP: Issues Related to Rules of Origin | 2025-08-02
APEC Workshop on Services Technical Standards Development: The Process and Impact,2025-08-05,recIze3I0sDtjtxap,Australia,Asia Pacific services coalition,OT1 Sign-Ins (Workshops),APEC Workshop on Services Technical Standards Development: The Process and Impact | 2025-08-05
APEC Workshop on Technical Barriers to Trade: Recent Trends in FTAs,2025-07-28,recqvqMEpTfZTKevx,Canada,Standards council of Canada,OT1 Sign-Ins (Workshops),APEC Workshop on Technical Barriers to Trade: Recent Trends in FTAs | 2025-07-28
APEC Workshop on Technical Barriers to Trade: Recent Trends in FTAs,2025-07-29,recqvqMEpTfZTKevx,People's Republic of China,CATARC,OT1 Sign-Ins (Workshops),APEC Workshop on Technical Barriers to Trade: Recent Trends in FTAs | 2025-07-29
APEC Workshop on Technical Barriers to Trade: Recent Trends in FTAs,2025-07-28,recqvqMEpTfZTKevx,Other,Consultores internationalism Ansley,OT1 Sign-Ins (Workshops),APEC Workshop on Technical Barriers to Trade: Recent Trends in FTAs | 2025-07-28
APEC Workshop on Services Technical Standards Development: The Process and Impact,2025-08-05,recIze3I0sDtjtxap,Chinese Taipei,CIER,OT1 Sign-Ins (Workshops),APEC Workshop on Services Technical Standards Development: The Process and Impact | 2025-08-05
APEC Workshop on Technical Barriers to Trade: Recent Trends in FTAs,2025-07-29,recqvqMEpTfZTKevx,United States of America,APEC RISE,OT1 Sign-Ins (Workshops),APEC Workshop on Technical Barriers to Trade: Recent Trends in FTAs | 2025-07-29
APEC Workshop on Services Technical Standards Development: The Process and Impact,2025-08-05,recIze3I0sDtjtxap,Other,APEC Secretariat ,OT1 Sign-Ins (Workshops),APEC Workshop on Services Technical Standards Development: The Process and Impact | 2025-08-05
APEC Workshop on Technical Barriers to Trade: Recent Trends in FTAs,2025-07-28,recqvqMEpTfZTKevx,Republic of Korea,Kats,OT1 Sign-Ins (Workshops),APEC Workshop on Technical Barriers to Trade: Recent Trends in FTAs | 2025-07-28
APEC Workshop on Technical Barriers to Trade: Recent Trends in FTAs,2025-07-28,recqvqMEpTfZTKevx,Viet Nam,TBT Viet Nam office,OT1 Sign-Ins (Workshops),APEC Workshop on Technical Barriers to Trade: Recent Trends in FTAs | 2025-07-28
APEC Workshop on Advancing the FTAAP: Issues Related to Rules of Origin,2025-08-02,reckuD4pDTWtZesJN,Indonesia,Ministry of Trade,OT1 Sign-Ins (Workshops),APEC Workshop on Advancing the FTAAP: Issues Related to Rules of Origin | 2025-08-02
APEC Workshop on Technical Barriers to Trade: Recent Trends in FTAs,2025-07-29,recqvqMEpTfZTKevx,Mexico,Digital Transformation Agency,OT1 Sign-Ins (Workshops),APEC Workshop on Technical Barriers to Trade: Recent Trends in FTAs | 2025-07-29
APEC Workshop on Technical Barriers to Trade: Recent Trends in FTAs,2025-07-28,recqvqMEpTfZTKevx,Other,Consultores Internacionales Ansley,OT1 Sign-Ins (Workshops),APEC Workshop on Technical Barriers to Trade: Recent Trends in FTAs | 2025-07-28
APEC Workshop on Advancing the FTAAP: Issues Related to Rules of Origin,2025-08-02,reckuD4pDTWtZesJN,Japan,Ministry of Finance,OT1 Sign-Ins (Workshops),APEC Workshop on Advancing the FTAAP: Issues Related to Rules of Origin | 2025-08-02
Workshop on Advancing Cloud Transformation,2025-07-31,rec8X4hhBa5cOnk18,Republic of Korea,MSIT,OT1 Sign-Ins (Workshops),Workshop on Advancing Cloud Transformation | 2025-07-31
Workshop on Digital Standards: Shaping the Future of Standardization,2025-07-28,recO6Wye9q46CaYxb,Malaysia,Department of Standards Malaysia ,OT1 Sign-Ins (Workshops),Workshop on Digital Standards: Shaping the Future of Standardization | 2025-07-28
APEC Workshop on Technical Barriers to Trade: Recent Trends in FTAs,2025-07-29,recqvqMEpTfZTKevx,Singapore,Ministry of Trade and Industry,OT1 Sign-Ins (Workshops),APEC Workshop on Technical Barriers to Trade: Recent Trends in FTAs | 2025-07-29
APEC Workshop on Services Technical Standards Development: The Process and Impact,2025-08-05,recIze3I0sDtjtxap,Australia,PECC,OT1 Sign-Ins (Workshops),APEC Workshop on Services Technical Standards Development: The Process and Impact | 2025-08-05
APEC Workshop on Implementing Trade Policy to Foster Quality Growth: Data and Analytical Tools,2025-08-09,recx8jdfEcebA5nAS,Papua New Guinea,National Trade Office,OT1 Sign-Ins (Workshops),APEC Workshop on Implementing Trade Policy to Foster Quality Growth: Data and Analytical Tools | 2025-08-09
Workshop on Advancing Cloud Transformation,2025-07-31,rec8X4hhBa5cOnk18,Malaysia,Ministry Of Digital Malaysia ,OT1 Sign-Ins (Workshops),Workshop on Advancing Cloud Transformation | 2025-07-31
APEC Workshop on Technical Barriers to Trade: Recent Trends in FTAs,2025-07-28,recqvqMEpTfZTKevx,United States of America,APEC RISE,OT1 Sign-Ins (Workshops),APEC Workshop on Technical Barriers to Trade: Recent Trends in FTAs | 2025-07-28
Workshop on Advancing Cloud Transformation,2025-07-31,rec8X4hhBa5cOnk18,Australia,Standards Australia,OT1 Sign-Ins (Workshops),Workshop on Advancing Cloud Transformation | 2025-07-31
APEC Workshop on Advancing the FTAAP: Issues Related to Rules of Origin,2025-08-02,reckuD4pDTWtZesJN,Peru,Ministry of Foreign Trade and Tourism,OT1 Sign-Ins (Workshops),APEC Workshop on Advancing the FTAAP: Issues Related to Rules of Origin | 2025-08-02
APEC Workshop on Technical Barriers to Trade: Recent Trends in FTAs,2025-07-28,recqvqMEpTfZTKevx,Chile,Agricultural and livestock,OT1 Sign-Ins (Workshops),APEC Workshop on Technical Barriers to Trade: Recent Trends in FTAs | 2025-07-28
APEC Workshop on Technical Barriers to Trade: Recent Trends in FTAs,2025-07-29,recqvqMEpTfZTKevx,Peru,AGRARIAN HEALTH OFICIAL SERVICE,OT1 Sign-Ins (Workshops),APEC Workshop on Technical Barriers to Trade: Recent Trends in FTAs | 2025-07-29
Workshop on Applying the APEC Services Index in Regionally Relevant Use Cases,2025-08-08,recIze3I0sDtjtxap,People's Republic of China,APMEN,OT1 Sign-Ins (Workshops),Workshop on Applying the APEC Services Index in Regionally Relevant Use Cases | 2025-08-08
Workshop on Digital Standards: Shaping the Future of Standardization,2025-07-27,recO6Wye9q46CaYxb,Viet Nam,STAMEQ,OT1 Sign-Ins (Workshops),Workshop on Digital Standards: Shaping the Future of Standardization | 2025-07-27
APEC Workshop on Implementing Trade Policy to Foster Quality Growth: Data and Analytical Tools,2025-08-09,recx8jdfEcebA5nAS,Other,Inei,OT1 Sign-Ins (Workshops),APEC Workshop on Implementing Trade Policy to Foster Quality Growth: Data and Analytical Tools | 2025-08-09
Workshop on Digital Standards: Shaping the Future of Standardization,2025-07-27,recO6Wye9q46CaYxb,Singapore,Enterprise singapore,OT1 Sign-Ins (Workshops),Workshop on Digital Standards: Shaping the Future of Standardization | 2025-07-27
Workshop on Digital Standards: Shaping the Future of Standardization,2025-07-27,recO6Wye9q46CaYxb,United States of America,Davidson,OT1 Sign-Ins (Workshops),Workshop on Digital Standards: Shaping the Future of Standardization | 2025-07-27
Workshop on Digital Standards: Shaping the Future of Standardization,2025-07-27,recO6Wye9q46CaYxb,United States of America,ASTM International ,OT1 Sign-Ins (Workshops),Workshop on Digital Standards: Shaping the Future of Standardization | 2025-07-27
APEC Workshop on Services Technical Standards Development: The Process and Impact,2025-08-05,recIze3I0sDtjtxap,Other,OECD,OT1 Sign-Ins (Workshops),APEC Workshop on Services Technical Standards Development: The Process and Impact | 2025-08-05
APEC Workshop on Technical Barriers to Trade: Recent Trends in FTAs,2025-07-29,recqvqMEpTfZTKevx,Viet Nam,TBT Viet Nam Office,OT1 Sign-Ins (Workshops),APEC Workshop on Technical Barriers to Trade: Recent Trends in FTAs | 2025-07-29
APEC Workshop on Technical Barriers to Trade: Recent Trends in FTAs,2025-07-27,recqvqMEpTfZTKevx,Republic of Korea,Korean testing and inspection associan,OT1 Sign-Ins (Workshops),APEC Workshop on Technical Barriers to Trade: Recent Trends in FTAs | 2025-07-27
APEC Workshop on Technical Barriers to Trade: Recent Trends in FTAs,2025-07-29,recqvqMEpTfZTKevx,Republic of Korea,TBT R&I CENTER,OT1 Sign-Ins (Workshops),APEC Workshop on Technical Barriers to Trade: Recent Trends in FTAs | 2025-07-29
APEC Workshop on Technical Barriers to Trade: Recent Trends in FTAs,2025-07-28,recqvqMEpTfZTKevx,Peru,Ministry of Foreign Trade and Tourism,OT1 Sign-Ins (Workshops),APEC Workshop on Technical Barriers to Trade: Recent Trends in FTAs | 2025-07-28
APEC Workshop on Technical Barriers to Trade: Recent Trends in FTAs,2025-07-28,recqvqMEpTfZTKevx,Canada,Standards Council of Canada,OT1 Sign-Ins (Workshops),APEC Workshop on Technical Barriers to Trade: Recent Trends in FTAs | 2025-07-28
Workshop on Applying the APEC Services Index in Regionally Relevant Use Cases,2025-08-08,recIze3I0sDtjtxap,New Zealand,Ministry of Foreign Affairs and Trade,OT1 Sign-Ins (Workshops),Workshop on Applying the APEC Services Index in Regionally Relevant Use Cases | 2025-08-08
APEC Workshop on Technical Barriers to Trade: Recent Trends in FTAs,2025-07-28,recqvqMEpTfZTKevx,United States of America,Specialized ,OT1 Sign-Ins (Workshops),APEC Workshop on Technical Barriers to Trade: Recent Trends in FTAs | 2025-07-28
Workshop on Applying the APEC Services Index in Regionally Relevant Use Cases,2025-08-08,recIze3I0sDtjtxap,Chile,"Undersecretariat of International Economic Relations,",OT1 Sign-Ins (Workshops),Workshop on Applying the APEC Services Index in Regionally Relevant Use Cases | 2025-08-08
Workshop on Advancing Cloud Transformation,2025-07-31,rec8X4hhBa5cOnk18,United States of America,CGA,OT1 Sign-Ins (Workshops),Workshop on Advancing Cloud Transformation | 2025-07-31
APEC Workshop on Implementing Trade Policy to Foster Quality Growth: Data and Analytical Tools,2025-08-09,recx8jdfEcebA5nAS,Australia,Indigenous Business Australia,OT1 Sign-Ins (Workshops),APEC Workshop on Implementing Trade Policy to Foster Quality Growth: Data and Analytical Tools | 2025-08-09
Workshop on Digital Standards: Shaping the Future of Standardization,2025-07-27,recO6Wye9q46CaYxb,The Philippines,Department of Trade and Industry,OT1 Sign-Ins (Workshops),Workshop on Digital Standards: Shaping the Future of Standardization | 2025-07-27
APEC Workshop on Technical Barriers to Trade: Recent Trends in FTAs,2025-07-28,recqvqMEpTfZTKevx,Indonesia,National Standardization Agency,OT1 Sign-Ins (Workshops),APEC Workshop on Technical Barriers to Trade: Recent Trends in FTAs | 2025-07-28
APEC Workshop on Advancing the FTAAP: Issues Related to Rules of Origin,2025-08-01,reckuD4pDTWtZesJN,Viet Nam,"Agency for Foreign Trade, Ministry of Industry and Trade",OT1 Sign-Ins (Workshops),APEC Workshop on Advancing the FTAAP: Issues Related to Rules of Origin | 2025-08-01
APEC Workshop on Technical Barriers to Trade: Recent Trends in FTAs,2025-07-28,recqvqMEpTfZTKevx,Thailand,Thai Industrial Standards Institute,OT1 Sign-Ins (Workshops),APEC Workshop on Technical Barriers to Trade: Recent Trends in FTAs | 2025-07-28
APEC Workshop on Technical Barriers to Trade: Recent Trends in FTAs,2025-07-29,recqvqMEpTfZTKevx,Chile,"Undersecretariat of International Economic Relations,",OT1 Sign-Ins (Workshops),APEC Workshop on Technical Barriers to Trade: Recent Trends in FTAs | 2025-07-29
APEC Workshop on Services Technical Standards Development: The Process and Impact,2025-08-05,recIze3I0sDtjtxap,Other,International Organization for Standardization,OT1 Sign-Ins (Workshops),APEC Workshop on Services Technical Standards Development: The Process and Impact | 2025-08-05
APEC Workshop on Technical Barriers to Trade: Recent Trends in FTAs,2025-07-28,recqvqMEpTfZTKevx,Singapore,Enterprisesg,OT1 Sign-Ins (Workshops),APEC Workshop on Technical Barriers to Trade: Recent Trends in FTAs | 2025-07-28
APEC Workshop on Advancing the FTAAP: Issues Related to Rules of Origin,2025-08-02,reckuD4pDTWtZesJN,Other,World Trade Organization,OT1 Sign-Ins (Workshops),APEC Workshop on Advancing the FTAAP: Issues Related to Rules of Origin | 2025-08-02
APEC Workshop on Technical Barriers to Trade: Recent Trends in FTAs,2025-07-27,recqvqMEpTfZTKevx,Republic of Korea,Gang dung-wonju national university,OT1 Sign-Ins (Workshops),APEC Workshop on Technical Barriers to Trade: Recent Trends in FTAs | 2025-07-27
APEC Workshop on Services Technical Standards Development: The Process and Impact,2025-08-05,recIze3I0sDtjtxap,Other,ITU,OT1 Sign-Ins (Workshops),APEC Workshop on Services Technical Standards Development: The Process and Impact | 2025-08-05
APEC Workshop on Technical Barriers to Trade: Recent Trends in FTAs,2025-07-29,recqvqMEpTfZTKevx,The Philippines,Department of Trade and Industry,OT1 Sign-Ins (Workshops),APEC Workshop on Technical Barriers to Trade: Recent Trends in FTAs | 2025-07-29
Workshop on Advancing Cloud Transformation,2025-07-31,rec8X4hhBa5cOnk18,Republic of Korea,CODIT,OT1 Sign-Ins (Workshops),Workshop on Advancing Cloud Transformation | 2025-07-31
Workshop on Applying the APEC Services Index in Regionally Relevant Use Cases,2025-08-08,recIze3I0sDtjtxap,Canada,Global Affairs Canada,OT1 Sign-Ins (Workshops),Workshop on Applying the APEC Services Index in Regionally Relevant Use Cases | 2025-08-08
APEC Workshop on Technical Barriers to Trade: Recent Trends in FTAs,2025-07-29,recqvqMEpTfZTKevx,United States of America,Walmart,OT1 Sign-Ins (Workshops),APEC Workshop on Technical Barriers to Trade: Recent Trends in FTAs | 2025-07-29
Workshop on Digital Standards: Shaping the Future of Standardization,2025-07-27,recO6Wye9q46CaYxb,Other,OECD,OT1 Sign-Ins (Workshops),Workshop on Digital Standards: Shaping the Future of Standardization | 2025-07-27
APEC Workshop on Advancing the FTAAP: Issues Related to Rules of Origin,2025-08-02,reckuD4pDTWtZesJN,Thailand,"Department of Trade Negotiations, Ministry of Commerce",OT1 Sign-Ins (Workshops),APEC Workshop on Advancing the FTAAP: Issues Related to Rules of Origin | 2025-08-02
APEC Workshop on Advancing the FTAAP: Issues Related to Rules of Origin,2025-08-02,reckuD4pDTWtZesJN,Other,Asian Development Bank,OT1 Sign-Ins (Workshops),APEC Workshop on Advancing the FTAAP: Issues Related to Rules of Origin | 2025-08-02
Digital Trade Policy Dialogue,2025-08-06,Digital Trade,Republic of Korea,Gets corp,Other Sign-Ins (Meetings/Dialogues),Digital Trade Policy Dialogue | 2025-08-06
Digital Trade Policy Dialogue,2025-08-06,Digital Trade,Hong Kong; China,UNCITRAL RCAP,Other Sign-Ins (Meetings/Dialogues),Digital Trade Policy Dialogue | 2025-08-06
Digital Trade Policy Dialogue,2025-08-06,Digital Trade,Singapore,PECC,Other Sign-Ins (Meetings/Dialogues),Digital Trade Policy Dialogue | 2025-08-06
APEC 17th A2C2 Meeting,2025-08-02,Supply Chain Connectivity,United States of America,Expeditors ,Other Sign-Ins (Meetings/Dialogues),APEC 17th A2C2 Meeting | 2025-08-02
Digital Trade Policy Dialogue,2025-08-06,Digital Trade,Chinese Taipei,"International Administration, Ministry of Economic Affairs",Other Sign-Ins (Meetings/Dialogues),Digital Trade Policy Dialogue | 2025-08-06
Digital Trade Policy Dialogue,2025-08-06,Digital Trade,Australia,Department of Foreign Affairs and Trade.,Other Sign-Ins (Meetings/Dialogues),Digital Trade Policy Dialogue | 2025-08-06
Digital Trade Policy Dialogue,2025-08-06,Digital Trade,Other,NFTC,Other Sign-Ins (Meetings/Dialogues),Digital Trade Policy Dialogue | 2025-08-06
APEC 17th A2C2 Meeting,2025-08-02,Supply Chain Connectivity,Republic of Korea,KOREA CUSTOMS,Other Sign-Ins (Meetings/Dialogues),APEC 17th A2C2 Meeting | 2025-08-02
APEC 17th A2C2 Meeting,2025-08-02,Supply Chain Connectivity,Chinese Taipei,National Customs Service ,Other Sign-Ins (Meetings/Dialogues),APEC 17th A2C2 Meeting | 2025-08-02
APEC 17th A2C2 Meeting,2025-08-02,Supply Chain Connectivity,Malaysia,Ministry of Plantation and Commodities,Other Sign-Ins (Meetings/Dialogues),APEC 17th A2C2 Meeting | 2025-08-02
Digital Trade Policy Dialogue,2025-08-06,Digital Trade,United States of America,U.S. International Trade Commission,Other Sign-Ins (Meetings/Dialogues),Digital Trade Policy Dialogue | 2025-08-06
Digital Trade Policy Dialogue,2025-08-06,Digital Trade,Canada,Gac,Other Sign-Ins (Meetings/Dialogues),Digital Trade Policy Dialogue | 2025-08-06
APEC 17th A2C2 Meeting,2025-08-02,Supply Chain Connectivity,Peru,Ministry of Trade,Other Sign-Ins (Meetings/Dialogues),APEC 17th A2C2 Meeting | 2025-08-02
APEC 17th A2C2 Meeting,2025-08-02,Supply Chain Connectivity,Canada,Department of Foreign Affairs and Trade.,Other Sign-Ins (Meetings/Dialogues),APEC 17th A2C2 Meeting | 2025-08-02
Digital Trade Policy Dialogue,2025-08-06,Digital Trade,United States of America,Visa,Other Sign-Ins (Meetings/Dialogues),Digital Trade Policy Dialogue | 2025-08-06
APEC 17th A2C2 Meeting,2025-08-02,Supply Chain Connectivity,Chinese Taipei,International trade administration,Other Sign-Ins (Meetings/Dialogues),APEC 17th A2C2 Meeting | 2025-08-02
Digital Trade Policy Dialogue,2025-08-06,Digital Trade,Malaysia,APEC Secretariat ,Other Sign-Ins (Meetings/Dialogues),Digital Trade Policy Dialogue | 2025-08-06
Digital Trade Policy Dialogue,2025-08-06,Digital Trade,Other,UNCITRAL ,Other Sign-Ins (Meetings/Dialogues),Digital Trade Policy Dialogue | 2025-08-06
APEC 17th A2C2 Meeting,2025-08-02,Supply Chain Connectivity,United States of America,National Bureau of Asian Research,Other Sign-Ins (Meetings/Dialogues),APEC 17th A2C2 Meeting | 2025-08-02
Digital Trade Policy Dialogue,2025-08-06,Digital Trade,The Philippines,Department of Trade and Industry,Other Sign-Ins (Meetings/Dialogues),Digital Trade Policy Dialogue | 2025-08-06
APEC 17th A2C2 Meeting,2025-08-02,Supply Chain Connectivity,United States of America,U.S. Department of Commerce ,Other Sign-Ins (Meetings/Dialogues),APEC 17th A2C2 Meeting | 2025-08-02
Digital Trade Policy Dialogue,2025-08-06,Digital Trade,Japan,Ministry Foreign Affairs ofJapan,Other Sign-Ins (Meetings/Dialogues),Digital Trade Policy Dialogue | 2025-08-06
Digital Trade Policy Dialogue,2025-08-06,Digital Trade,United States of America,U.S. Department of State ,Other Sign-Ins (Meetings/Dialogues),Digital Trade Policy Dialogue | 2025-08-06
Digital Trade Policy Dialogue,2025-08-06,Digital Trade,Singapore,Digital Prosperity For Asia,Other Sign-Ins (Meetings/Dialogues),Digital Trade Policy Dialogue | 2025-08-06
Digital Trade Policy Dialogue,2025-08-06,Digital Trade,Singapore,Ministry of Trade and Industry,Other Sign-Ins (Meetings/Dialogues),Digital Trade Policy Dialogue | 2025-08-06
APEC 17th A2C2 Meeting,2025-08-02,Supply Chain Connectivity,Other,Kim & Chang,Other Sign-Ins (Meetings/Dialogues),APEC 17th A2C2 Meeting | 2025-08-02
Digital Trade Policy Dialogue,2025-08-06,Digital Trade,Other,Access partnership,Other Sign-Ins (Meetings/Dialogues),Digital Trade Policy Dialogue | 2025-08-06
Digital Trade Policy Dialogue,2025-08-06,Digital Trade,People's Republic of China,Mofcom,Other Sign-Ins (Meetings/Dialogues),Digital Trade Policy Dialogue | 2025-08-06
APEC 17th A2C2 Meeting,2025-08-02,Supply Chain Connectivity,Republic of Korea,MOTIE,Other Sign-Ins (Meetings/Dialogues),APEC 17th A2C2 Meeting | 2025-08-02
Digital Trade Policy Dialogue,2025-08-06,Digital Trade,United States of America,Visa,Other Sign-Ins (Meetings/Dialogues),Digital Trade Policy Dialogue | 2025-08-06
Digital Trade Policy Dialogue,2025-08-06,Digital Trade,Other,Ore bro university,Other Sign-Ins (Meetings/Dialogues),Digital Trade Policy Dialogue | 2025-08-06
APEC 17th A2C2 Meeting,2025-08-02,Supply Chain Connectivity,United States of America,ACC,Other Sign-Ins (Meetings/Dialogues),APEC 17th A2C2 Meeting | 2025-08-02
APEC 17th A2C2 Meeting,2025-08-02,Supply Chain Connectivity,United States of America,Ncapec,Other Sign-Ins (Meetings/Dialogues),APEC 17th A2C2 Meeting | 2025-08-02
Digital Trade Policy Dialogue,2025-08-06,Digital Trade,People's Republic of China,APMEN,Other Sign-Ins (Meetings/Dialogues),Digital Trade Policy Dialogue | 2025-08-06
Digital Trade Policy Dialogue,2025-08-06,Digital Trade,Republic of Korea,Gbts,Other Sign-Ins (Meetings/Dialogues),Digital Trade Policy Dialogue | 2025-08-06
Digital Trade Policy Dialogue,2025-08-06,Digital Trade,Canada,GAC,Other Sign-Ins (Meetings/Dialogues),Digital Trade Policy Dialogue | 2025-08-06
Digital Trade Policy Dialogue,2025-08-06,Digital Trade,Other,Kinobi,Other Sign-Ins (Meetings/Dialogues),Digital Trade Policy Dialogue | 2025-08-06
Digital Trade Policy Dialogue,2025-08-06,Digital Trade,Russia,Ministry of Economic Development,Other Sign-Ins (Meetings/Dialogues),Digital Trade Policy Dialogue | 2025-08-06
APEC 17th A2C2 Meeting,2025-08-02,Supply Chain Connectivity,Republic of Korea,Gbts,Other Sign-Ins (Meetings/Dialogues),APEC 17th A2C2 Meeting | 2025-08-02
Digital Trade Policy Dialogue,2025-08-06,Digital Trade,Other,Incits,Other Sign-Ins (Meetings/Dialogues),Digital Trade Policy Dialogue | 2025-08-06
APEC 17th A2C2 Meeting,2025-08-02,Supply Chain Connectivity,Chinese Taipei,CIER,Other Sign-Ins (Meetings/Dialogues),APEC 17th A2C2 Meeting | 2025-08-02
APEC 17th A2C2 Meeting,2025-08-02,Supply Chain Connectivity,Chinese Taipei,National Customs Service ,Other Sign-Ins (Meetings/Dialogues),APEC 17th A2C2 Meeting | 2025-08-02
Digital Trade Policy Dialogue,2025-08-06,Digital Trade,Other,UNCITRAL,Other Sign-Ins (Meetings/Dialogues),Digital Trade Policy Dialogue | 2025-08-06
Digital Trade Policy Dialogue,2025-08-06,Digital Trade,Other,OECD,Other Sign-Ins (Meetings/Dialogues),Digital Trade Policy Dialogue | 2025-08-06
APEC 17th A2C2 Meeting,2025-08-02,Supply Chain Connectivity,United States of America,Dow,Other Sign-Ins (Meetings/Dialogues),APEC 17th A2C2 Meeting | 2025-08-02
APEC 17th A2C2 Meeting,2025-08-02,Supply Chain Connectivity,Republic of Korea,GBTS,Other Sign-Ins (Meetings/Dialogues),APEC 17th A2C2 Meeting | 2025-08-02
Digital Trade Policy Dialogue,2025-08-06,Digital Trade,Papua New Guinea,"Embassy of Papua New Guinea, Seoul",Other Sign-Ins (Meetings/Dialogues),Digital Trade Policy Dialogue | 2025-08-06
APEC 17th A2C2 Meeting,2025-08-02,Supply Chain Connectivity,Chinese Taipei,National Customs Service ,Other Sign-Ins (Meetings/Dialogues),APEC 17th A2C2 Meeting | 2025-08-02
Digital Trade Policy Dialogue,2025-08-06,Digital Trade,United States of America,ACT  | The App Association,Other Sign-Ins (Meetings/Dialogues),Digital Trade Policy Dialogue | 2025-08-06
APEC 17th A2C2 Meeting,2025-08-02,Supply Chain Connectivity,Japan,METI,Other Sign-Ins (Meetings/Dialogues),APEC 17th A2C2 Meeting | 2025-08-02
Digital Trade Policy Dialogue,2025-08-06,Digital Trade,Australia,Department of Foreign Affairs and Trade.,Other Sign-Ins (Meetings/Dialogues),Digital Trade Policy Dialogue | 2025-08-06
Digital Trade Policy Dialogue,2025-08-06,Digital Trade,United States of America,Coupang,Other Sign-Ins (Meetings/Dialogues),Digital Trade Policy Dialogue | 2025-08-06
APEC 17th A2C2 Meeting,2025-08-02,Supply Chain Connectivity,Republic of Korea,KIEP,Other Sign-Ins (Meetings/Dialogues),APEC 17th A2C2 Meeting | 2025-08-02
Digital Trade Policy Dialogue,2025-08-06,Digital Trade,Other,Incits,Other Sign-Ins (Meetings/Dialogues),Digital Trade Policy Dialogue | 2025-08-06
Digital Trade Policy Dialogue,2025-08-06,Digital Trade,Chile,Undersecretariat of International Economic Affairs,Other Sign-Ins (Meetings/Dialogues),Digital Trade Policy Dialogue | 2025-08-06
APEC 17th A2C2 Meeting,2025-08-02,Supply Chain Connectivity,Other,Descartes,Other Sign-Ins (Meetings/Dialogues),APEC 17th A2C2 Meeting | 2025-08-02
Digital Trade Policy Dialogue,2025-08-06,Digital Trade,Brunei Darussalam,Mofe,Other Sign-Ins (Meetings/Dialogues),Digital Trade Policy Dialogue | 2025-08-06
APEC 17th A2C2 Meeting,2025-08-02,Supply Chain Connectivity,United States of America,FedEx,Other Sign-Ins (Meetings/Dialogues),APEC 17th A2C2 Meeting | 2025-08-02
APEC 17th A2C2 Meeting,2025-08-02,Supply Chain Connectivity,United States of America,Cbp,Other Sign-Ins (Meetings/Dialogues),APEC 17th A2C2 Meeting | 2025-08-02
Digital Trade Policy Dialogue,2025-08-06,Digital Trade,Other,UNCITRAL ,Other Sign-Ins (Meetings/Dialogues),Digital Trade Policy Dialogue | 2025-08-06
Digital Trade Policy Dialogue,2025-08-06,Digital Trade,Republic of Korea,MOFA,Other Sign-Ins (Meetings/Dialogues),Digital Trade Policy Dialogue | 2025-08-06
APEC 17th A2C2 Meeting,2025-08-02,Supply Chain Connectivity,Chile,"Undersecretariat of International Economic Relations,",Other Sign-Ins (Meetings/Dialogues),APEC 17th A2C2 Meeting | 2025-08-02
Digital Trade Policy Dialogue,2025-08-06,Digital Trade,Republic of Korea,Mofa,Other Sign-Ins (Meetings/Dialogues),Digital Trade Policy Dialogue | 2025-08-06
Digital Trade Policy Dialogue,2025-08-06,Digital Trade,Republic of Korea,KIEP,Other Sign-Ins (Meetings/Dialogues),Digital Trade Policy Dialogue | 2025-08-06
APEC 17th A2C2 Meeting,2025-08-02,Supply Chain Connectivity,Other,Akin Gump Strauss Hauer & Feld LLP,Other Sign-Ins (Meetings/Dialogues),APEC 17th A2C2 Meeting | 2025-08-02
