Assumption,Monitoring Tool,Economy,Workstream,Level,Date,Signal,Status,Confidence Index 1 (Percent),Confidence Index 2 (Responses),Notes
Policy and regulatory openness,Feedback,APEC (aggregate),All,Aggregate,2026-07-03,72% average application intent,optimistic,72.0,50,"CI1 = average score (0–100). CI2 = # responses. Thresholds: ≥60 optimistic, 30–59 baseline, <30 pessimistic."
Policy and regulatory openness,Feedback,APEC (aggregate),All,Aggregate,2026-07-03,88% average sharing intent,optimistic,88.0,50,"CI1 = average score (0–100). CI2 = # responses. Thresholds: ≥60 optimistic, 30–59 baseline, <30 pessimistic."
Policy and regulatory openness,Feedback,APEC (aggregate),All,Aggregate,2026-07-03,Composite feedback score = 80%,optimistic,80.0,50,"CI1 = composite score (0–100). CI2 = total participants. Thresholds: ≥60 optimistic, 30–59 baseline, <30 pessimistic."
Policy and regulatory openness,Feedback,canada,All,Economy,2026-07-03,75% average application intent,optimistic,75.0,4,"CI1 = average score (0–100). CI2 = # responses. Thresholds: ≥60 optimistic, 30–59 baseline, <30 pessimistic."
Policy and regulatory openness,Feedback,canada,All,Economy,2026-07-03,100% average sharing intent,optimistic,100.0,4,"CI1 = average score (0–100). CI2 = # responses. Thresholds: ≥60 optimistic, 30–59 baseline, <30 pessimistic."
Policy and regulatory openness,Feedback,canada,All,Economy,2026-07-03,Composite feedback score = 88%,optimistic,87.5,4,"CI1 = composite score (0–100). CI2 = total participants. Thresholds: ≥60 optimistic, 30–59 baseline, <30 pessimistic."
Policy and regulatory openness,Feedback,chile,All,Economy,2026-07-03,50% average application intent,baseline,50.0,2,"CI1 = average score (0–100). CI2 = # responses. Thresholds: ≥60 optimistic, 30–59 baseline, <30 pessimistic."
Policy and regulatory openness,Feedback,chile,All,Economy,2026-07-03,75% average sharing intent,optimistic,75.0,2,"CI1 = average score (0–100). CI2 = # responses. Thresholds: ≥60 optimistic, 30–59 baseline, <30 pessimistic."
Policy and regulatory openness,Feedback,chile,All,Economy,2026-07-03,Composite feedback score = 62%,optimistic,62.5,2,"CI1 = composite score (0–100). CI2 = total participants. Thresholds: ≥60 optimistic, 30–59 baseline, <30 pessimistic."
Policy and regulatory openness,Feedback,china,All,Economy,2026-07-03,50% average application intent,baseline,50.0,1,"CI1 = average score (0–100). CI2 = # responses. Thresholds: ≥60 optimistic, 30–59 baseline, <30 pessimistic."
Policy and regulatory openness,Feedback,china,All,Economy,2026-07-03,100% average sharing intent,optimistic,100.0,1,"CI1 = average score (0–100). CI2 = # responses. Thresholds: ≥60 optimistic, 30–59 baseline, <30 pessimistic."
Policy and regulatory openness,Feedback,china,All,Economy,2026-07-03,Composite feedback score = 75%,optimistic,75.0,1,"CI1 = composite score (0–100). CI2 = total participants. Thresholds: ≥60 optimistic, 30–59 baseline, <30 pessimistic."
Policy and regulatory openness,Feedback,indonesia,All,Economy,2026-07-03,75% average application intent,optimistic,75.0,2,"CI1 = average score (0–100). CI2 = # responses. Thresholds: ≥60 optimistic, 30–59 baseline, <30 pessimistic."
Policy and regulatory openness,Feedback,indonesia,All,Economy,2026-07-03,100% average sharing intent,optimistic,100.0,2,"CI1 = average score (0–100). CI2 = # responses. Thresholds: ≥60 optimistic, 30–59 baseline, <30 pessimistic."
Policy and regulatory openness,Feedback,indonesia,All,Economy,2026-07-03,Composite feedback score = 88%,optimistic,87.5,2,"CI1 = composite score (0–100). CI2 = total participants. Thresholds: ≥60 optimistic, 30–59 baseline, <30 pessimistic."
Policy and regulatory openness,Feedback,japan,All,Economy,2026-07-03,50% average application intent,baseline,50.0,3,"CI1 = average score (0–100). CI2 = # responses. Thresholds: ≥60 optimistic, 30–59 baseline, <30 pessimistic."
Policy and regulatory openness,Feedback,japan,All,Economy,2026-07-03,100% average sharing intent,optimistic,100.0,3,"CI1 = average score (0–100). CI2 = # responses. Thresholds: ≥60 optimistic, 30–59 baseline, <30 pessimistic."
Policy and regulatory openness,Feedback,japan,All,Economy,2026-07-03,Composite feedback score = 75%,optimistic,75.0,3,"CI1 = composite score (0–100). CI2 = total participants. Thresholds: ≥60 optimistic, 30–59 baseline, <30 pessimistic."
Policy and regulatory openness,Feedback,malaysia,All,Economy,2026-07-03,75% average application intent,optimistic,75.0,4,"CI1 = average score (0–100). CI2 = # responses. Thresholds: ≥60 optimistic, 30–59 baseline, <30 pessimistic."
Policy and regulatory openness,Feedback,malaysia,All,Economy,2026-07-03,100% average sharing intent,optimistic,100.0,4,"CI1 = average score (0–100). CI2 = # responses. Thresholds: ≥60 optimistic, 30–59 baseline, <30 pessimistic."
Policy and regulatory openness,Feedback,malaysia,All,Economy,2026-07-03,Composite feedback score = 88%,optimistic,87.5,4,"CI1 = composite score (0–100). CI2 = total participants. Thresholds: ≥60 optimistic, 30–59 baseline, <30 pessimistic."
Policy and regulatory openness,Feedback,mexico,All,Economy,2026-07-03,100% average application intent,optimistic,100.0,1,"CI1 = average score (0–100). CI2 = # responses. Thresholds: ≥60 optimistic, 30–59 baseline, <30 pessimistic."
Policy and regulatory openness,Feedback,mexico,All,Economy,2026-07-03,100% average sharing intent,optimistic,100.0,1,"CI1 = average score (0–100). CI2 = # responses. Thresholds: ≥60 optimistic, 30–59 baseline, <30 pessimistic."
Policy and regulatory openness,Feedback,mexico,All,Economy,2026-07-03,Composite feedback score = 100%,optimistic,100.0,1,"CI1 = composite score (0–100). CI2 = total participants. Thresholds: ≥60 optimistic, 30–59 baseline, <30 pessimistic."
Policy and regulatory openness,Feedback,new zealand,All,Economy,2026-07-03,100% average application intent,optimistic,100.0,1,"CI1 = average score (0–100). CI2 = # responses. Thresholds: ≥60 optimistic, 30–59 baseline, <30 pessimistic."
Policy and regulatory openness,Feedback,new zealand,All,Economy,2026-07-03,100% average sharing intent,optimistic,100.0,1,"CI1 = average score (0–100). CI2 = # responses. Thresholds: ≥60 optimistic, 30–59 baseline, <30 pessimistic."
Policy and regulatory openness,Feedback,new zealand,All,Economy,2026-07-03,Composite feedback score = 100%,optimistic,100.0,1,"CI1 = composite score (0–100). CI2 = total participants. Thresholds: ≥60 optimistic, 30–59 baseline, <30 pessimistic."
Policy and regulatory openness,Feedback,other,All,Economy,2026-07-03,64% average application intent,optimistic,64.3,7,"CI1 = average score (0–100). CI2 = # responses. Thresholds: ≥60 optimistic, 30–59 baseline, <30 pessimistic."
Policy and regulatory openness,Feedback,other,All,Economy,2026-07-03,86% average sharing intent,optimistic,85.7,7,"CI1 = average score (0–100). CI2 = # responses. Thresholds: ≥60 optimistic, 30–59 baseline, <30 pessimistic."
Policy and regulatory openness,Feedback,other,All,Economy,2026-07-03,Composite feedback score = 75%,optimistic,75.0,7,"CI1 = composite score (0–100). CI2 = total participants. Thresholds: ≥60 optimistic, 30–59 baseline, <30 pessimistic."
Policy and regulatory openness,Feedback,papua new guinea,All,Economy,2026-07-03,50% average application intent,baseline,50.0,2,"CI1 = average score (0–100). CI2 = # responses. Thresholds: ≥60 optimistic, 30–59 baseline, <30 pessimistic."
Policy and regulatory openness,Feedback,papua new guinea,All,Economy,2026-07-03,100% average sharing intent,optimistic,100.0,2,"CI1 = average score (0–100). CI2 = # responses. Thresholds: ≥60 optimistic, 30–59 baseline, <30 pessimistic."
Policy and regulatory openness,Feedback,papua new guinea,All,Economy,2026-07-03,Composite feedback score = 75%,optimistic,75.0,2,"CI1 = composite score (0–100). CI2 = total participants. Thresholds: ≥60 optimistic, 30–59 baseline, <30 pessimistic."
Policy and regulatory openness,Feedback,peru,All,Economy,2026-07-03,100% average application intent,optimistic,100.0,1,"CI1 = average score (0–100). CI2 = # responses. Thresholds: ≥60 optimistic, 30–59 baseline, <30 pessimistic."
Policy and regulatory openness,Feedback,peru,All,Economy,2026-07-03,100% average sharing intent,optimistic,100.0,1,"CI1 = average score (0–100). CI2 = # responses. Thresholds: ≥60 optimistic, 30–59 baseline, <30 pessimistic."
Policy and regulatory openness,Feedback,peru,All,Economy,2026-07-03,Composite feedback score = 100%,optimistic,100.0,1,"CI1 = composite score (0–100). CI2 = total participants. Thresholds: ≥60 optimistic, 30–59 baseline, <30 pessimistic."
Policy and regulatory openness,Feedback,republic of korea,All,Economy,2026-07-03,60% average application intent,optimistic,60.0,5,"CI1 = average score (0–100). CI2 = # responses. Thresholds: ≥60 optimistic, 30–59 baseline, <30 pessimistic."
Policy and regulatory openness,Feedback,republic of korea,All,Economy,2026-07-03,70% average sharing intent,optimistic,70.0,5,"CI1 = average score (0–100). CI2 = # responses. Thresholds: ≥60 optimistic, 30–59 baseline, <30 pessimistic."
Policy and regulatory openness,Feedback,republic of korea,All,Economy,2026-07-03,Composite feedback score = 65%,optimistic,65.0,5,"CI1 = composite score (0–100). CI2 = total participants. Thresholds: ≥60 optimistic, 30–59 baseline, <30 pessimistic."
Policy and regulatory openness,Feedback,singapore,All,Economy,2026-07-03,50% average application intent,baseline,50.0,2,"CI1 = average score (0–100). CI2 = # responses. Thresholds: ≥60 optimistic, 30–59 baseline, <30 pessimistic."
Policy and regulatory openness,Feedback,singapore,All,Economy,2026-07-03,75% average sharing intent,optimistic,75.0,2,"CI1 = average score (0–100). CI2 = # responses. Thresholds: ≥60 optimistic, 30–59 baseline, <30 pessimistic."
Policy and regulatory openness,Feedback,singapore,All,Economy,2026-07-03,Composite feedback score = 62%,optimistic,62.5,2,"CI1 = composite score (0–100). CI2 = total participants. Thresholds: ≥60 optimistic, 30–59 baseline, <30 pessimistic."
Policy and regulatory openness,Feedback,thailand,All,Economy,2026-07-03,100% average application intent,optimistic,100.0,1,"CI1 = average score (0–100). CI2 = # responses. Thresholds: ≥60 optimistic, 30–59 baseline, <30 pessimistic."
Policy and regulatory openness,Feedback,thailand,All,Economy,2026-07-03,100% average sharing intent,optimistic,100.0,1,"CI1 = average score (0–100). CI2 = # responses. Thresholds: ≥60 optimistic, 30–59 baseline, <30 pessimistic."
Policy and regulatory openness,Feedback,thailand,All,Economy,2026-07-03,Composite feedback score = 100%,optimistic,100.0,1,"CI1 = composite score (0–100). CI2 = total participants. Thresholds: ≥60 optimistic, 30–59 baseline, <30 pessimistic."
Policy and regulatory openness,Feedback,the philippines,All,Economy,2026-07-03,50% average application intent,baseline,50.0,1,"CI1 = average score (0–100). CI2 = # responses. Thresholds: ≥60 optimistic, 30–59 baseline, <30 pessimistic."
Policy and regulatory openness,Feedback,the philippines,All,Economy,2026-07-03,100% average sharing intent,optimistic,100.0,1,"CI1 = average score (0–100). CI2 = # responses. Thresholds: ≥60 optimistic, 30–59 baseline, <30 pessimistic."
Policy and regulatory openness,Feedback,the philippines,All,Economy,2026-07-03,Composite feedback score = 75%,optimistic,75.0,1,"CI1 = composite score (0–100). CI2 = total participants. Thresholds: ≥60 optimistic, 30–59 baseline, <30 pessimistic."
Policy and regulatory openness,Feedback,the russian federation,All,Economy,2026-07-03,50% average application intent,baseline,50.0,1,"CI1 = average score (0–100). CI2 = # responses. Thresholds: ≥60 optimistic, 30–59 baseline, <30 pessimistic."
Policy and regulatory openness,Feedback,the russian federation,All,Economy,2026-07-03,50% average sharing intent,baseline,50.0,1,"CI1 = average score (0–100). CI2 = # responses. Thresholds: ≥60 optimistic, 30–59 baseline, <30 pessimistic."
Policy and regulatory openness,Feedback,the russian federation,All,Economy,2026-07-03,Composite feedback score = 50%,baseline,50.0,1,"CI1 = composite score (0–100). CI2 = total participants. Thresholds: ≥60 optimistic, 30–59 baseline, <30 pessimistic."
Policy and regulatory openness,Feedback,u.s.,All,Economy,2026-07-03,90% average application intent,optimistic,90.0,10,"CI1 = average score (0–100). CI2 = # responses. Thresholds: ≥60 optimistic, 30–59 baseline, <30 pessimistic."
Policy and regulatory openness,Feedback,u.s.,All,Economy,2026-07-03,80% average sharing intent,optimistic,80.0,10,"CI1 = average score (0–100). CI2 = # responses. Thresholds: ≥60 optimistic, 30–59 baseline, <30 pessimistic."
Policy and regulatory openness,Feedback,u.s.,All,Economy,2026-07-03,Composite feedback score = 85%,optimistic,85.0,10,"CI1 = composite score (0–100). CI2 = total participants. Thresholds: ≥60 optimistic, 30–59 baseline, <30 pessimistic."
Policy and regulatory openness,Feedback,viet nam,All,Economy,2026-07-03,100% average application intent,optimistic,100.0,2,"CI1 = average score (0–100). CI2 = # responses. Thresholds: ≥60 optimistic, 30–59 baseline, <30 pessimistic."
Policy and regulatory openness,Feedback,viet nam,All,Economy,2026-07-03,100% average sharing intent,optimistic,100.0,2,"CI1 = average score (0–100). CI2 = # responses. Thresholds: ≥60 optimistic, 30–59 baseline, <30 pessimistic."
Policy and regulatory openness,Feedback,viet nam,All,Economy,2026-07-03,Composite feedback score = 100%,optimistic,100.0,2,"CI1 = composite score (0–100). CI2 = total participants. Thresholds: ≥60 optimistic, 30–59 baseline, <30 pessimistic."
Policy and regulatory openness,Feedback,APEC (aggregate),cyber‑resilient its,Workstream,2026-07-03,77% average application intent,optimistic,76.7,15,"CI1 = average score (0–100). CI2 = # responses. Thresholds: ≥60 optimistic, 30–59 baseline, <30 pessimistic."
Policy and regulatory openness,Feedback,APEC (aggregate),cyber‑resilient its,Workstream,2026-07-03,100% average sharing intent,optimistic,100.0,15,"CI1 = average score (0–100). CI2 = # responses. Thresholds: ≥60 optimistic, 30–59 baseline, <30 pessimistic."
Policy and regulatory openness,Feedback,APEC (aggregate),cyber‑resilient its,Workstream,2026-07-03,Composite feedback score = 88%,optimistic,88.3,15,"CI1 = composite score (0–100). CI2 = total participants. Thresholds: ≥60 optimistic, 30–59 baseline, <30 pessimistic."
Policy and regulatory openness,Feedback,APEC (aggregate),digital trade,Workstream,2026-07-03,61% average application intent,optimistic,61.1,18,"CI1 = average score (0–100). CI2 = # responses. Thresholds: ≥60 optimistic, 30–59 baseline, <30 pessimistic."
Policy and regulatory openness,Feedback,APEC (aggregate),digital trade,Workstream,2026-07-03,83% average sharing intent,optimistic,83.3,18,"CI1 = average score (0–100). CI2 = # responses. Thresholds: ≥60 optimistic, 30–59 baseline, <30 pessimistic."
Policy and regulatory openness,Feedback,APEC (aggregate),digital trade,Workstream,2026-07-03,Composite feedback score = 72%,optimistic,72.2,18,"CI1 = composite score (0–100). CI2 = total participants. Thresholds: ≥60 optimistic, 30–59 baseline, <30 pessimistic."
Policy and regulatory openness,Feedback,APEC (aggregate),supply chain connectivity,Workstream,2026-07-03,79% average application intent,optimistic,79.4,17,"CI1 = average score (0–100). CI2 = # responses. Thresholds: ≥60 optimistic, 30–59 baseline, <30 pessimistic."
Policy and regulatory openness,Feedback,APEC (aggregate),supply chain connectivity,Workstream,2026-07-03,82% average sharing intent,optimistic,82.4,17,"CI1 = average score (0–100). CI2 = # responses. Thresholds: ≥60 optimistic, 30–59 baseline, <30 pessimistic."
Policy and regulatory openness,Feedback,APEC (aggregate),supply chain connectivity,Workstream,2026-07-03,Composite feedback score = 81%,optimistic,80.9,17,"CI1 = composite score (0–100). CI2 = total participants. Thresholds: ≥60 optimistic, 30–59 baseline, <30 pessimistic."
