Firm (Name),Indicator ID,Workstream (Name),Economy (Name),Engagement,Fiscal Year,U.S. FAOs Addressed,PSE Modality,Resource (Amount),Export Timestamp
nan,OT2,Digital Standards,Malaysia,Workshop on Digital Standards: Shaping the Future of Standardization,FY25,Economic Growth (Other),Knowledge and information sharing,,2026-04-06T08:17:31.536280
nan,OT2,TBT,Malaysia,APEC Workshop on Technical Barriers to Trade: Recent Trends in FTAs,FY25,Economic Growth (Other),Knowledge and information sharing,,2026-04-06T08:17:31.536280
nan,OT2,Cloud Computing,Malaysia,Workshop on Advancing Cloud Transformation,FY25,Economic Growth (Other),Knowledge and information sharing,,2026-04-06T08:17:31.536280
nan,OT2,FTAAP,Malaysia,APEC Workshop on Advancing the FTAAP: Issues Related to Rules of Origin,FY25,Economic Growth (Other),Knowledge and information sharing,,2026-04-06T08:17:31.536280
nan,OT2,Supply Chains,Malaysia,APEC 17th A2C2 Meeting,FY25,Economic Growth (Other),Policy dialogue,,2026-04-06T08:17:31.536280
nan,OT2,Services,Malaysia,APEC Workshop on Services Technical Standards Development: The Process and Impact,FY25,Economic Growth (Other),Knowledge and information sharing,,2026-04-06T08:17:31.536280
nan,OT2,Digital Trade,Malaysia,Digital Trade Policy Dialogue,FY25,Economic Growth (Other),Policy dialogue,,2026-04-06T08:17:31.536280
nan,OT2,GRP,Malaysia,APEC 18th GRP Conference,FY25,Economic Growth (Other),Policy dialogue,,2026-04-06T08:17:31.536280
nan,OT2,Supply Chains,New Zealand,APEC A2C2 Regional Roundtable,FY26,Economic Growth (Other),Policy dialogue,,2026-04-06T08:17:31.536280
