Fiscal Year,Fiscal Quarter,Workshop,Economy,City,Person-Hours
FY25,FY2025-Q4,APEC Workshop on Advancing the FTAAP: Issues Related to Rules of Origin,Unknown,Incheon,0.0
FY25,FY2025-Q4,APEC Workshop on Implementing Trade Policy to Foster Quality Growth: Data and Analytical Tools,Unknown,Incheon,0.0
FY25,FY2025-Q4,APEC Workshop on Services Technical Standards Development: The Process and Impact,Unknown,Incheon,0.0
FY25,FY2025-Q4,APEC Workshop on Technical Barriers to Trade: Recent Trends in FTAs,Unknown,Incheon,0.0
FY25,FY2025-Q4,Workshop on Advancing Cloud Transformation,Unknown,Incheon,0.0
FY25,FY2025-Q4,Workshop on Applying the APEC Services Index in Regionally Relevant Use Cases,Unknown,Incheon,0.0
FY25,FY2025-Q4,Workshop on Digital Standards: Shaping the Future of Standardization,Unknown,Incheon,0.0
Unknown,FY2026-Q3,Unknown,Unknown,Unknown,0.0
Unknown,Unknown,Unknown,Unknown,Unknown,0.0
