Word,Source,Frequency,TotalFrequency
share,Sharing (Open Text),106,209
share,Applications (Open Text),103,209
team,Applications (Open Text),75,95
team,Sharing (Open Text),20,95
policy,Sharing (Open Text),11,86
policy,Applications (Open Text),75,86
workshop,Applications (Open Text),29,51
workshop,Sharing (Open Text),22,51
colleague,Applications (Open Text),17,50
colleague,Sharing (Open Text),33,50
report,Applications (Open Text),3,49
report,Sharing (Open Text),46,49
recommendation,Applications (Open Text),43,47
recommendation,Sharing (Open Text),4,47
work,Sharing (Open Text),5,44
work,Applications (Open Text),39,44
inform,Applications (Open Text),39,42
inform,Sharing (Open Text),3,42
discussion,Sharing (Open Text),24,39
discussion,Applications (Open Text),15,39
use,Applications (Open Text),29,37
use,Sharing (Open Text),8,37
internal,Sharing (Open Text),13,29
internal,Applications (Open Text),16,29
learn,Sharing (Open Text),17,27
learn,Applications (Open Text),10,27
update,Applications (Open Text),22,24
session,Applications (Open Text),4,24
session,Sharing (Open Text),20,24
update,Sharing (Open Text),2,24
information,Sharing (Open Text),11,21
meet,Applications (Open Text),4,21
knowledge,Sharing (Open Text),13,21
information,Applications (Open Text),10,21
meet,Sharing (Open Text),17,21
knowledge,Applications (Open Text),8,21
process,Sharing (Open Text),3,20
process,Applications (Open Text),17,20
other,Sharing (Open Text),6,19
economy,Sharing (Open Text),5,19
economy,Applications (Open Text),14,19
other,Applications (Open Text),13,19
meeting,Sharing (Open Text),19,19
apply,Sharing (Open Text),4,19
apply,Applications (Open Text),15,19
relevant,Applications (Open Text),10,18
relevant,Sharing (Open Text),8,18
through,Sharing (Open Text),13,18
through,Applications (Open Text),5,18
apec,Applications (Open Text),12,18
apec,Sharing (Open Text),6,18
standard,Applications (Open Text),12,17
standard,Sharing (Open Text),5,17
tool,Applications (Open Text),16,17
tool,Sharing (Open Text),1,17
development,Applications (Open Text),14,17
development,Sharing (Open Text),3,17
data,Sharing (Open Text),4,17
data,Applications (Open Text),13,17
plan,Sharing (Open Text),7,17
plan,Applications (Open Text),10,17
during,Sharing (Open Text),9,16
during,Applications (Open Text),7,16
negotiation,Sharing (Open Text),3,16
trade,Applications (Open Text),12,16
trade,Sharing (Open Text),4,16
negotiation,Applications (Open Text),13,16
key,Sharing (Open Text),10,15
key,Applications (Open Text),5,15
digital,Sharing (Open Text),5,15
digital,Applications (Open Text),10,15
presentation,Applications (Open Text),1,14
how,Applications (Open Text),7,14
how,Sharing (Open Text),7,14
presentation,Sharing (Open Text),13,14
material,Sharing (Open Text),12,14
material,Applications (Open Text),2,14
into,Applications (Open Text),9,14
into,Sharing (Open Text),5,14
support,Sharing (Open Text),6,13
future,Applications (Open Text),10,13
future,Sharing (Open Text),3,13
agency,Applications (Open Text),7,13
agency,Sharing (Open Text),6,13
support,Applications (Open Text),7,13
incorporate,Sharing (Open Text),2,12
make,Sharing (Open Text),8,12
incorporate,Applications (Open Text),10,12
research,Applications (Open Text),10,12
project,Applications (Open Text),9,12
project,Sharing (Open Text),3,12
government,Sharing (Open Text),4,12
make,Applications (Open Text),4,12
government,Applications (Open Text),8,12
research,Sharing (Open Text),2,12
some,Applications (Open Text),8,11
organization,Sharing (Open Text),4,11
insight,Sharing (Open Text),6,11
organization,Applications (Open Text),7,11
member,Applications (Open Text),5,11
member,Sharing (Open Text),6,11
train,Sharing (Open Text),7,11
insight,Applications (Open Text),5,11
train,Applications (Open Text),4,11
develop,Sharing (Open Text),2,11
some,Sharing (Open Text),3,11
develop,Applications (Open Text),9,11
topic,Sharing (Open Text),5,10
topic,Applications (Open Text),5,10
collaboration,Applications (Open Text),3,10
when,Sharing (Open Text),4,10
ria,Sharing (Open Text),3,10
collaboration,Sharing (Open Text),7,10
when,Applications (Open Text),6,10
ria,Applications (Open Text),7,10
lesson,Applications (Open Text),3,9
industry,Sharing (Open Text),3,9
technical,Sharing (Open Text),3,9
service,Applications (Open Text),8,9
industry,Applications (Open Text),6,9
note,Applications (Open Text),2,9
note,Sharing (Open Text),7,9
lesson,Sharing (Open Text),6,9
issue,Sharing (Open Text),4,9
issue,Applications (Open Text),5,9
event,Applications (Open Text),1,9
what,Sharing (Open Text),7,9
technical,Applications (Open Text),6,9
event,Sharing (Open Text),8,9
what,Applications (Open Text),2,9
service,Sharing (Open Text),1,9
help,Applications (Open Text),6,8
help,Sharing (Open Text),2,8
engagement,Sharing (Open Text),2,8
discus,Applications (Open Text),3,8
provide,Sharing (Open Text),4,8
national,Sharing (Open Text),2,8
within,Applications (Open Text),4,8
within,Sharing (Open Text),4,8
national,Applications (Open Text),6,8
discus,Sharing (Open Text),5,8
partially,Applications (Open Text),4,8
partially,Sharing (Open Text),4,8
idea,Sharing (Open Text),2,8
illegible,Applications (Open Text),4,8
outcome,Applications (Open Text),7,8
outcome,Sharing (Open Text),1,8
understand,Applications (Open Text),8,8
illegible,Sharing (Open Text),4,8
also,Sharing (Open Text),1,8
also,Applications (Open Text),7,8
system,Sharing (Open Text),5,8
system,Applications (Open Text),3,8
provide,Applications (Open Text),4,8
idea,Applications (Open Text),6,8
engagement,Applications (Open Text),6,8
summary,Sharing (Open Text),8,8
take,Applications (Open Text),7,8
take,Sharing (Open Text),1,8
prepare,Applications (Open Text),3,8
prepare,Sharing (Open Text),5,8
method,Applications (Open Text),6,7
method,Sharing (Open Text),1,7
regard,Sharing (Open Text),2,7
resource,Applications (Open Text),1,7
better,Applications (Open Text),6,7
better,Sharing (Open Text),1,7
useful,Applications (Open Text),5,7
useful,Sharing (Open Text),2,7
initiative,Applications (Open Text),4,7
analysis,Applications (Open Text),7,7
initiative,Sharing (Open Text),3,7
practice,Applications (Open Text),7,7
well,Applications (Open Text),5,7
well,Sharing (Open Text),2,7
stakeholder,Applications (Open Text),4,7
stakeholder,Sharing (Open Text),3,7
experience,Applications (Open Text),3,7
experience,Sharing (Open Text),4,7
implement,Sharing (Open Text),3,7
implement,Applications (Open Text),4,7
regard,Applications (Open Text),5,7
good,Applications (Open Text),7,7
draft,Applications (Open Text),6,7
resource,Sharing (Open Text),6,7
especially,Applications (Open Text),5,7
draft,Sharing (Open Text),1,7
especially,Sharing (Open Text),2,7
input,Sharing (Open Text),2,6
about,Applications (Open Text),3,6
about,Sharing (Open Text),3,6
ministry,Applications (Open Text),3,6
ministry,Sharing (Open Text),3,6
labor,Sharing (Open Text),2,6
labor,Applications (Open Text),4,6
adopt,Applications (Open Text),5,6
adopt,Sharing (Open Text),1,6
network,Applications (Open Text),1,6
network,Sharing (Open Text),5,6
management,Applications (Open Text),2,6
management,Sharing (Open Text),4,6
back,Sharing (Open Text),5,6
back,Applications (Open Text),1,6
awareness,Sharing (Open Text),2,6
awareness,Applications (Open Text),4,6
integrate,Sharing (Open Text),2,6
integrate,Applications (Open Text),4,6
input,Applications (Open Text),4,6
regulation,Applications (Open Text),5,6
fta,Applications (Open Text),5,6
gain,Applications (Open Text),6,6
regulation,Sharing (Open Text),1,6
fta,Sharing (Open Text),1,6
have,Applications (Open Text),4,6
implementation,Applications (Open Text),3,6
implementation,Sharing (Open Text),3,6
have,Sharing (Open Text),2,6
concept,Applications (Open Text),4,6
public,Sharing (Open Text),2,6
public,Applications (Open Text),4,6
concept,Sharing (Open Text),2,6
example,Sharing (Open Text),4,6
example,Applications (Open Text),2,6
document,Sharing (Open Text),5,6
roo,Applications (Open Text),5,6
sector,Applications (Open Text),4,6
roo,Sharing (Open Text),1,6
strategy,Sharing (Open Text),2,6
sector,Sharing (Open Text),2,6
daily,Applications (Open Text),6,6
document,Applications (Open Text),1,6
strategy,Applications (Open Text),4,6
shape,Applications (Open Text),6,6
all,Sharing (Open Text),2,6
all,Applications (Open Text),4,6
need,Sharing (Open Text),2,6
need,Applications (Open Text),4,6
debrief,Sharing (Open Text),4,5
debrief,Applications (Open Text),1,5
design,Sharing (Open Text),1,5
department,Applications (Open Text),4,5
department,Sharing (Open Text),1,5
design,Applications (Open Text),4,5
social,Sharing (Open Text),5,5
bag,Sharing (Open Text),3,5
regional,Sharing (Open Text),1,5
replicate,Applications (Open Text),2,5
replicate,Sharing (Open Text),3,5
bag,Applications (Open Text),2,5
further,Applications (Open Text),3,5
further,Sharing (Open Text),2,5
reference,Applications (Open Text),4,5
framework,Applications (Open Text),5,5
regional,Applications (Open Text),4,5
would,Applications (Open Text),5,5
improve,Applications (Open Text),4,5
improve,Sharing (Open Text),1,5
together,Sharing (Open Text),3,5
client,Sharing (Open Text),1,5
client,Applications (Open Text),4,5
takeaway,Sharing (Open Text),5,5
conduct,Applications (Open Text),1,5
together,Applications (Open Text),2,5
conduct,Sharing (Open Text),4,5
reference,Sharing (Open Text),1,5
build,Applications (Open Text),2,5
relevance,Sharing (Open Text),1,5
relevance,Applications (Open Text),4,5
brown,Sharing (Open Text),3,5
brown,Applications (Open Text),2,5
build,Sharing (Open Text),3,5
digitalization,Sharing (Open Text),1,4
seminar,Sharing (Open Text),4,4
may,Applications (Open Text),1,4
via,Sharing (Open Text),4,4
matter,Sharing (Open Text),2,4
be,Applications (Open Text),4,4
regulatory,Applications (Open Text),4,4
cooperation,Applications (Open Text),3,4
ktl,Sharing (Open Text),1,4
get,Sharing (Open Text),2,4
give,Applications (Open Text),2,4
give,Sharing (Open Text),2,4
get,Applications (Open Text),2,4
info,Applications (Open Text),4,4
forum,Applications (Open Text),1,4
digitalization,Applications (Open Text),3,4
guidance,Applications (Open Text),2,4
group,Sharing (Open Text),4,4
reform,Applications (Open Text),3,4
practical,Applications (Open Text),2,4
guidance,Sharing (Open Text),2,4
college,Applications (Open Text),2,4
cloud,Applications (Open Text),4,4
importance,Applications (Open Text),3,4
importance,Sharing (Open Text),1,4
guideline,Applications (Open Text),4,4
college,Sharing (Open Text),2,4
practical,Sharing (Open Text),2,4
worker,Applications (Open Text),4,4
interest,Applications (Open Text),2,4
interest,Sharing (Open Text),2,4
great,Applications (Open Text),3,4
great,Sharing (Open Text),1,4
include,Sharing (Open Text),3,4
include,Applications (Open Text),1,4
greater,Sharing (Open Text),1,4
greater,Applications (Open Text),3,4
reform,Sharing (Open Text),1,4
forum,Sharing (Open Text),3,4
ktl,Applications (Open Text),3,4
email,Sharing (Open Text),4,4
cooperation,Sharing (Open Text),1,4
origin,Sharing (Open Text),1,4
organize,Sharing (Open Text),4,4
engage,Sharing (Open Text),2,4
link,Sharing (Open Text),3,4
custom,Applications (Open Text),4,4
link,Applications (Open Text),1,4
matter,Applications (Open Text),2,4
official,Applications (Open Text),3,4
official,Sharing (Open Text),1,4
may,Sharing (Open Text),3,4
medium,Sharing (Open Text),4,4
origin,Applications (Open Text),3,4
engage,Applications (Open Text),2,4
study,Applications (Open Text),3,4
different,Applications (Open Text),2,4
application,Applications (Open Text),2,4
application,Sharing (Open Text),2,4
different,Sharing (Open Text),2,4
study,Sharing (Open Text),1,4
smart,Applications (Open Text),3,3
dialogue,Applications (Open Text),1,3
domestic,Applications (Open Text),1,3
opinion,Sharing (Open Text),2,3
only,Applications (Open Text),3,3
deal,Sharing (Open Text),1,3
opinion,Applications (Open Text),1,3
approach,Applications (Open Text),3,3
relate,Sharing (Open Text),2,3
relate,Applications (Open Text),1,3
could,Applications (Open Text),1,3
could,Sharing (Open Text),2,3
coordination,Sharing (Open Text),2,3
exercise,Sharing (Open Text),1,3
cooperate,Sharing (Open Text),2,3
coordination,Applications (Open Text),1,3
exercise,Applications (Open Text),2,3
learning,Sharing (Open Text),1,3
transformation,Applications (Open Text),3,3
level,Sharing (Open Text),3,3
try,Applications (Open Text),2,3
try,Sharing (Open Text),1,3
benefit,Applications (Open Text),1,3
continue,Applications (Open Text),2,3
etc,Sharing (Open Text),1,3
education,Sharing (Open Text),2,3
education,Applications (Open Text),1,3
review,Applications (Open Text),3,3
learning,Applications (Open Text),2,3
etc,Applications (Open Text),2,3
effort,Applications (Open Text),2,3
continue,Sharing (Open Text),1,3
country,Sharing (Open Text),1,3
country,Applications (Open Text),2,3
effort,Sharing (Open Text),1,3
echo,Sharing (Open Text),2,3
create,Sharing (Open Text),3,3
others,Applications (Open Text),1,3
others,Sharing (Open Text),2,3
background,Applications (Open Text),3,3
cti,Applications (Open Text),3,3
cross,Sharing (Open Text),1,3
cross,Applications (Open Text),2,3
linkedin,Sharing (Open Text),3,3
line,Applications (Open Text),3,3
security,Sharing (Open Text),1,3
domestic,Sharing (Open Text),2,3
echo,Applications (Open Text),1,3
security,Applications (Open Text),2,3
conversation,Applications (Open Text),1,3
conversation,Sharing (Open Text),2,3
cooperate,Applications (Open Text),1,3
way,Sharing (Open Text),2,3
way,Applications (Open Text),1,3
area,Sharing (Open Text),3,3
among,Applications (Open Text),2,3
among,Sharing (Open Text),1,3
wto,Sharing (Open Text),1,3
office,Sharing (Open Text),3,3
deal,Applications (Open Text),2,3
dialogue,Sharing (Open Text),2,3
explore,Sharing (Open Text),1,3
best,Applications (Open Text),3,3
consultation,Sharing (Open Text),2,3
people,Sharing (Open Text),1,3
people,Applications (Open Text),2,3
brief,Sharing (Open Text),3,3
benefit,Sharing (Open Text),2,3
explore,Applications (Open Text),2,3
consult,Sharing (Open Text),1,3
consult,Applications (Open Text),2,3
consider,Applications (Open Text),3,3
capacity,Sharing (Open Text),2,3
integration,Applications (Open Text),3,3
connect,Sharing (Open Text),2,3
collaborate,Sharing (Open Text),1,3
readout,Sharing (Open Text),3,3
point,Sharing (Open Text),2,3
post,Sharing (Open Text),3,3
ftas,Applications (Open Text),3,3
recommend,Applications (Open Text),3,3
international,Applications (Open Text),1,3
involve,Applications (Open Text),3,3
international,Sharing (Open Text),2,3
point,Applications (Open Text),1,3
connect,Applications (Open Text),1,3
consultation,Applications (Open Text),1,3
consideration,Applications (Open Text),3,3
expert,Sharing (Open Text),2,3
expert,Applications (Open Text),1,3
form,Sharing (Open Text),1,3
form,Applications (Open Text),2,3
content,Sharing (Open Text),2,3
content,Applications (Open Text),1,3
contact,Sharing (Open Text),2,3
contact,Applications (Open Text),1,3
present,Sharing (Open Text),3,3
toolkit,Sharing (Open Text),2,3
toolkit,Applications (Open Text),1,3
guide,Applications (Open Text),2,3
tbt,Applications (Open Text),2,3
tbt,Sharing (Open Text),1,3
company,Applications (Open Text),1,3
guide,Sharing (Open Text),1,3
human,Sharing (Open Text),1,3
human,Applications (Open Text),2,3
index,Sharing (Open Text),2,3
circulate,Sharing (Open Text),3,3
index,Applications (Open Text),1,3
increase,Applications (Open Text),3,3
promote,Applications (Open Text),3,3
here,Applications (Open Text),2,3
company,Sharing (Open Text),2,3
capacity,Applications (Open Text),1,3
ill,Applications (Open Text),1,3
impact,Applications (Open Text),3,3
ill,Sharing (Open Text),2,3
principle,Applications (Open Text),2,3
collaborate,Applications (Open Text),2,3
collection,Applications (Open Text),3,3
here,Sharing (Open Text),1,3
principle,Sharing (Open Text),1,3
who,Applications (Open Text),3,3
wto,Applications (Open Text),2,3
adoption,Applications (Open Text),2,3
adoption,Sharing (Open Text),1,3
activity,Applications (Open Text),1,3
activity,Sharing (Open Text),2,3
model,Sharing (Open Text),2,3
model,Applications (Open Text),1,3
speaker,Applications (Open Text),2,3
speaker,Sharing (Open Text),1,3
specific,Sharing (Open Text),1,3
specific,Applications (Open Text),2,3
which,Applications (Open Text),1,3
which,Sharing (Open Text),2,3
while,Sharing (Open Text),1,2
while,Applications (Open Text),1,2
agency’s,Sharing (Open Text),1,2
negotiate,Sharing (Open Text),1,2
negotiate,Applications (Open Text),1,2
workforce,Sharing (Open Text),1,2
workforce,Applications (Open Text),1,2
workflow,Applications (Open Text),2,2
obstacle,Applications (Open Text),2,2
most,Sharing (Open Text),1,2
most,Applications (Open Text),1,2
monthly,Sharing (Open Text),2,2
a2c2,Sharing (Open Text),1,2
a2c2,Applications (Open Text),1,2
action,Applications (Open Text),2,2
across,Applications (Open Text),2,2
product,Applications (Open Text),2,2
private,Sharing (Open Text),1,2
private,Applications (Open Text),1,2
identify,Sharing (Open Text),1,2
teach,Sharing (Open Text),1,2
teach,Applications (Open Text),1,2
communication,Sharing (Open Text),1,2
communication,Applications (Open Text),1,2
collegues,Applications (Open Text),2,2
host,Sharing (Open Text),1,2
host,Applications (Open Text),1,2
hop,Applications (Open Text),2,2
highlight,Sharing (Open Text),1,2
highlight,Applications (Open Text),1,2
think,Applications (Open Text),2,2
they,Sharing (Open Text),2,2
their,Sharing (Open Text),1,2
their,Applications (Open Text),1,2
thailand,Applications (Open Text),2,2
term,Applications (Open Text),2,2
technology,Sharing (Open Text),2,2
identify,Applications (Open Text),1,2
indonesia,Sharing (Open Text),1,2
indonesia,Applications (Open Text),1,2
provision,Sharing (Open Text),1,2
provision,Applications (Open Text),1,2
protection,Applications (Open Text),2,2
propose,Applications (Open Text),2,2
proposal,Applications (Open Text),2,2
professional,Sharing (Open Text),1,2
professional,Applications (Open Text),1,2
harmonization,Applications (Open Text),2,2
tech,Sharing (Open Text),1,2
tech,Applications (Open Text),1,2
inclusive,Applications (Open Text),2,2
preparation,Sharing (Open Text),1,2
preparation,Applications (Open Text),1,2
preferential,Sharing (Open Text),1,2
preferential,Applications (Open Text),1,2
innovation,Applications (Open Text),2,2
inhouse,Sharing (Open Text),2,2
task,Applications (Open Text),2,2
talent,Sharing (Open Text),1,2
talent,Applications (Open Text),1,2
psr,Applications (Open Text),2,2
timber,Sharing (Open Text),1,2
timber,Applications (Open Text),1,2
challenge,Sharing (Open Text),2,2
chair,Sharing (Open Text),1,2
chair,Applications (Open Text),1,2
certificate,Applications (Open Text),2,2
certain,Applications (Open Text),2,2
cascade,Sharing (Open Text),2,2
informal,Sharing (Open Text),2,2
interagency,Sharing (Open Text),2,2
innovative,Applications (Open Text),2,2
formulation,Applications (Open Text),2,2
go,Sharing (Open Text),2,2
gather,Sharing (Open Text),1,2
gather,Applications (Open Text),1,2
gap,Applications (Open Text),2,2
real,Sharing (Open Text),1,2
real,Applications (Open Text),1,2
ppt,Sharing (Open Text),2,2
position,Applications (Open Text),2,2
iso,Sharing (Open Text),1,2
iso,Applications (Open Text),1,2
internally,Sharing (Open Text),2,2
business,Sharing (Open Text),1,2
business,Applications (Open Text),1,2
bureau,Sharing (Open Text),1,2
bureau,Applications (Open Text),1,2
focal,Sharing (Open Text),1,2
focal,Applications (Open Text),1,2
first,Applications (Open Text),2,2
finding,Sharing (Open Text),2,2
refer,Applications (Open Text),2,2
friend,Sharing (Open Text),1,2
friend,Applications (Open Text),1,2
bring,Applications (Open Text),2,2
bos,Applications (Open Text),2,2
joint,Sharing (Open Text),1,2
joint,Applications (Open Text),1,2
i’m,Sharing (Open Text),1,2
i’m,Applications (Open Text),1,2
it,Sharing (Open Text),1,2
it,Applications (Open Text),1,2
perspective,Sharing (Open Text),1,2
perspective,Applications (Open Text),1,2
person,Sharing (Open Text),1,2
person,Applications (Open Text),1,2
leadership,Sharing (Open Text),1,2
leadership,Applications (Open Text),1,2
landscape,Applications (Open Text),2,2
partner,Sharing (Open Text),1,2
partner,Applications (Open Text),1,2
available,Applications (Open Text),1,2
association,Sharing (Open Text),2,2
board,Sharing (Open Text),2,2
between,Applications (Open Text),2,2
feedback,Sharing (Open Text),1,2
feedback,Applications (Open Text),1,2
explain,Sharing (Open Text),2,2
followup,Sharing (Open Text),2,2
follow,Sharing (Open Text),1,2
follow,Applications (Open Text),1,2
focus,Sharing (Open Text),1,2
focus,Applications (Open Text),1,2
subject,Applications (Open Text),2,2
evidence,Applications (Open Text),2,2
context,Applications (Open Text),2,2
unit,Applications (Open Text),2,2
transport,Sharing (Open Text),2,2
paper,Sharing (Open Text),1,2
paper,Applications (Open Text),1,2
panel,Sharing (Open Text),2,2
leverage,Sharing (Open Text),1,2
leverage,Applications (Open Text),1,2
leo,Sharing (Open Text),1,2
leo,Applications (Open Text),1,2
role,Sharing (Open Text),1,2
role,Applications (Open Text),1,2
roadmap,Applications (Open Text),2,2
right,Applications (Open Text),2,2
enhance,Applications (Open Text),2,2
result,Applications (Open Text),2,2
supervisor,Sharing (Open Text),2,2
suggest,Sharing (Open Text),2,2
such,Sharing (Open Text),1,2
such,Applications (Open Text),1,2
university,Sharing (Open Text),1,2
university,Applications (Open Text),1,2
available,Sharing (Open Text),1,2
main,Sharing (Open Text),1,2
main,Applications (Open Text),1,2
look,Sharing (Open Text),1,2
look,Applications (Open Text),1,2
coworkers,Sharing (Open Text),1,2
coworkers,Applications (Open Text),1,2
strengthen,Applications (Open Text),2,2
section,Sharing (Open Text),2,2
rule,Applications (Open Text),2,2
encourage,Applications (Open Text),2,2
enable,Applications (Open Text),2,2
element,Applications (Open Text),2,2
disseminate,Applications (Open Text),2,2
see,Sharing (Open Text),1,2
see,Applications (Open Text),1,2
many,Sharing (Open Text),1,2
many,Applications (Open Text),1,2
organic,Applications (Open Text),2,2
opportunity,Sharing (Open Text),1,2
opportunity,Applications (Open Text),1,2
view,Sharing (Open Text),2,2
venezuela,Sharing (Open Text),1,2
venezuela,Applications (Open Text),1,2
value,Applications (Open Text),2,2
usg,Sharing (Open Text),1,2
usg,Applications (Open Text),1,2
asean,Applications (Open Text),2,2
operate,Applications (Open Text),2,2
mention,Sharing (Open Text),1,2
mention,Applications (Open Text),1,2
strategic,Sharing (Open Text),1,2
strategic,Applications (Open Text),1,2
day,Sharing (Open Text),2,2
cyber,Sharing (Open Text),1,2
cyber,Applications (Open Text),1,2
set,Applications (Open Text),2,2
do,Sharing (Open Text),2,2
division,Sharing (Open Text),1,2
division,Applications (Open Text),1,2
distribution,Sharing (Open Text),2,2
small,Sharing (Open Text),2,2
direct,Sharing (Open Text),2,2
shall,Sharing (Open Text),1,2
shall,Applications (Open Text),1,2
agency’s,Applications (Open Text),1,2
after,Sharing (Open Text),2,2
advocate,Applications (Open Text),2,2
advisory,Applications (Open Text),2,2
advise,Applications (Open Text),2,2
advice,Applications (Open Text),2,2
already,Sharing (Open Text),2,2
oecd,Sharing (Open Text),1,2
oecd,Applications (Open Text),1,2
ông,Applications (Open Text),1,1
accession,Applications (Open Text),1,1
account,Applications (Open Text),1,1
accountability,Applications (Open Text),1,1
acknowledge,Applications (Open Text),1,1
adapt,Applications (Open Text),1,1
addition,Applications (Open Text),1,1
wom,Sharing (Open Text),1,1
word,Sharing (Open Text),1,1
workplace,Applications (Open Text),1,1
workplacebased,Applications (Open Text),1,1
workshop’s,Sharing (Open Text),1,1
annualy,Sharing (Open Text),1,1
anc,Sharing (Open Text),1,1
analytical,Applications (Open Text),1,1
analyst,Applications (Open Text),1,1
amendment,Applications (Open Text),1,1
allow,Applications (Open Text),1,1
vocational,Applications (Open Text),1,1
visit,Applications (Open Text),1,1
version,Applications (Open Text),1,1
various,Applications (Open Text),1,1
usually,Sharing (Open Text),1,1
usual,Applications (Open Text),1,1
usrise,Sharing (Open Text),1,1
assistant,Sharing (Open Text),1,1
assist,Applications (Open Text),1,1
assessment,Applications (Open Text),1,1
one,Applications (Open Text),1,1
once,Sharing (Open Text),1,1
ofwg,Sharing (Open Text),1,1
mgmt,Applications (Open Text),1,1
mexican,Applications (Open Text),1,1
methodology,Applications (Open Text),1,1
meetingworkshop,Sharing (Open Text),1,1
measure,Applications (Open Text),1,1
officer,Sharing (Open Text),1,1
offer,Sharing (Open Text),1,1
ocean,Sharing (Open Text),1,1
now,Applications (Open Text),1,1
november,Sharing (Open Text),1,1
notion,Sharing (Open Text),1,1
none,Sharing (Open Text),1,1
next,Applications (Open Text),1,1
lunch,Sharing (Open Text),1,1
literacy,Applications (Open Text),1,1
limit,Applications (Open Text),1,1
like,Sharing (Open Text),1,1
matterials,Sharing (Open Text),1,1
market,Applications (Open Text),1,1
marine,Applications (Open Text),1,1
manufacturer,Applications (Open Text),1,1
manner,Applications (Open Text),1,1
manforce,Applications (Open Text),1,1
manage,Applications (Open Text),1,1
org,Sharing (Open Text),1,1
order,Sharing (Open Text),1,1
option,Applications (Open Text),1,1
operator,Applications (Open Text),1,1
ongoing,Applications (Open Text),1,1
papua,Applications (Open Text),1,1
panelist,Applications (Open Text),1,1
own,Applications (Open Text),1,1
life,Sharing (Open Text),1,1
lie,Applications (Open Text),1,1
legal,Applications (Open Text),1,1
lecture,Sharing (Open Text),1,1
lean,Applications (Open Text),1,1
oversight,Applications (Open Text),1,1
overall,Applications (Open Text),1,1
output,Applications (Open Text),1,1
outline,Applications (Open Text),1,1
out,Sharing (Open Text),1,1
ourganizing,Sharing (Open Text),1,1
malaysia,Sharing (Open Text),1,1
m12,Applications (Open Text),1,1
pecc,Applications (Open Text),1,1
leader,Applications (Open Text),1,1
lead,Applications (Open Text),1,1
lack,Applications (Open Text),1,1
labour,Sharing (Open Text),1,1
laboratory,Sharing (Open Text),1,1
korean,Applications (Open Text),1,1
korea,Sharing (Open Text),1,1
knowledgeunderstanding,Applications (Open Text),1,1
knowledgesharing,Sharing (Open Text),1,1
pas,Sharing (Open Text),1,1
particularly,Applications (Open Text),1,1
particular,Applications (Open Text),1,1
participation,Sharing (Open Text),1,1
participate,Sharing (Open Text),1,1
participant,Applications (Open Text),1,1
invite,Sharing (Open Text),1,1
introduce,Applications (Open Text),1,1
internet,Sharing (Open Text),1,1
internalcolleagues,Sharing (Open Text),1,1
know,Applications (Open Text),1,1
kind,Applications (Open Text),1,1
keep,Applications (Open Text),1,1
i’ve,Sharing (Open Text),1,1
ive,Sharing (Open Text),1,1
platform,Sharing (Open Text),1,1
picture,Applications (Open Text),1,1
philippine,Applications (Open Text),1,1
pertain,Sharing (Open Text),1,1
perform,Applications (Open Text),1,1
peersteam,Applications (Open Text),1,1
peccs,Applications (Open Text),1,1
informative,Applications (Open Text),1,1
informally,Sharing (Open Text),1,1
intentional,Applications (Open Text),1,1
intend,Applications (Open Text),1,1
instrument,Applications (Open Text),1,1
instance,Sharing (Open Text),1,1
inside,Sharing (Open Text),1,1
ppts,Sharing (Open Text),1,1
powerslides,Sharing (Open Text),1,1
postevent,Sharing (Open Text),1,1
possible,Sharing (Open Text),1,1
positive,Applications (Open Text),1,1
policiy,Applications (Open Text),1,1
podcast,Sharing (Open Text),1,1
pmu,Sharing (Open Text),1,1
isoiec,Applications (Open Text),1,1
priority,Sharing (Open Text),1,1
prioritize,Applications (Open Text),1,1
prioritise,Applications (Open Text),1,1
importand,Applications (Open Text),1,1
incountry,Sharing (Open Text),1,1
incorporateintegrate,Applications (Open Text),1,1
incharged,Sharing (Open Text),1,1
previous,Sharing (Open Text),1,1
presenter,Sharing (Open Text),1,1
preparedness,Applications (Open Text),1,1
practically,Sharing (Open Text),1,1
practicality,Applications (Open Text),1,1
infront,Sharing (Open Text),1,1
infrastructure,Applications (Open Text),1,1
infosharing,Sharing (Open Text),1,1
informinh,Applications (Open Text),1,1
handson,Applications (Open Text),1,1
handle,Applications (Open Text),1,1
hall,Sharing (Open Text),1,1
gvc,Applications (Open Text),1,1
guinea,Applications (Open Text),1,1
ict,Applications (Open Text),1,1
hygiene,Sharing (Open Text),1,1
house,Applications (Open Text),1,1
higher,Sharing (Open Text),1,1
high,Sharing (Open Text),1,1
productivity,Applications (Open Text),1,1
produce,Applications (Open Text),1,1
processess,Applications (Open Text),1,1
processesinforming,Applications (Open Text),1,1
procedure,Applications (Open Text),1,1
problem,Sharing (Open Text),1,1
publicprivate,Applications (Open Text),1,1
publication,Applications (Open Text),1,1
psrs,Applications (Open Text),1,1
grp,Applications (Open Text),1,1
groyps,Sharing (Open Text),1,1
growth,Sharing (Open Text),1,1
grap,Applications (Open Text),1,1
govt,Applications (Open Text),1,1
proyects,Sharing (Open Text),1,1
propousing,Sharing (Open Text),1,1
proof,Applications (Open Text),1,1
progress,Sharing (Open Text),1,1
helpful,Applications (Open Text),1,1
hear,Applications (Open Text),1,1
health,Applications (Open Text),1,1
harmonize,Applications (Open Text),1,1
ftaap,Applications (Open Text),1,1
forward,Sharing (Open Text),1,1
formulate,Applications (Open Text),1,1
formation,Applications (Open Text),1,1
format,Applications (Open Text),1,1
governance,Applications (Open Text),1,1
gov,Sharing (Open Text),1,1
generate,Sharing (Open Text),1,1
general,Applications (Open Text),1,1
really,Applications (Open Text),1,1
read,Sharing (Open Text),1,1
rather,Applications (Open Text),1,1
raise,Sharing (Open Text),1,1
question,Applications (Open Text),1,1
quality,Applications (Open Text),1,1
purchase,Applications (Open Text),1,1
expreriences,Applications (Open Text),1,1
exploration,Sharing (Open Text),1,1
formal,Sharing (Open Text),1,1
forcus,Applications (Open Text),1,1
fishery,Applications (Open Text),1,1
firstly,Applications (Open Text),1,1
find,Applications (Open Text),1,1
reflection,Applications (Open Text),1,1
reflect,Sharing (Open Text),1,1
refine,Applications (Open Text),1,1
reecho,Sharing (Open Text),1,1
recovery,Applications (Open Text),1,1
recomendations,Applications (Open Text),1,1
reco,Applications (Open Text),1,1
receive,Applications (Open Text),1,1
reasonable,Sharing (Open Text),1,1
exist,Applications (Open Text),1,1
executive,Sharing (Open Text),1,1
exchange,Applications (Open Text),1,1
evidencebased,Applications (Open Text),1,1
everything,Sharing (Open Text),1,1
ever,Applications (Open Text),1,1
relaxation,Applications (Open Text),1,1
relationship,Applications (Open Text),1,1
reinforce,Applications (Open Text),1,1
file,Applications (Open Text),1,1
felt,Sharing (Open Text),1,1
feed,Sharing (Open Text),1,1
fall,Sharing (Open Text),1,1
factor,Applications (Open Text),1,1
facilitate,Applications (Open Text),1,1
externally,Sharing (Open Text),1,1
even,Applications (Open Text),1,1
evangelization,Applications (Open Text),1,1
evaluation,Applications (Open Text),1,1
evaluate,Applications (Open Text),1,1
establish,Applications (Open Text),1,1
equilibrium,Applications (Open Text),1,1
entire,Sharing (Open Text),1,1
enterprise,Applications (Open Text),1,1
ensure,Applications (Open Text),1,1
return,Sharing (Open Text),1,1
responsible,Applications (Open Text),1,1
resilient,Applications (Open Text),1,1
require,Applications (Open Text),1,1
request,Applications (Open Text),1,1
rep,Applications (Open Text),1,1
expand,Applications (Open Text),1,1
satellite,Applications (Open Text),1,1
saildronetaiper,Applications (Open Text),1,1
rulenof,Applications (Open Text),1,1
enforcement,Applications (Open Text),1,1
end,Applications (Open Text),1,1
employment,Applications (Open Text),1,1
employer,Applications (Open Text),1,1
elsewhere,Applications (Open Text),1,1
effective,Sharing (Open Text),1,1
routine,Sharing (Open Text),1,1
rountable,Sharing (Open Text),1,1
roundtable,Sharing (Open Text),1,1
rool,Applications (Open Text),1,1
revision,Applications (Open Text),1,1
revisiing,Applications (Open Text),1,1
revenant,Applications (Open Text),1,1
diversity,Sharing (Open Text),1,1
dissemination,Sharing (Open Text),1,1
dispute,Applications (Open Text),1,1
discuasions,Sharing (Open Text),1,1
ecosystem,Applications (Open Text),1,1
economic,Applications (Open Text),1,1
econamies,Sharing (Open Text),1,1
ease,Applications (Open Text),1,1
each,Sharing (Open Text),1,1
draw,Applications (Open Text),1,1
domestically,Applications (Open Text),1,1
secondly,Applications (Open Text),1,1
sdr,Applications (Open Text),1,1
sdo,Sharing (Open Text),1,1
scalable,Applications (Open Text),1,1
say,Applications (Open Text),1,1
show,Applications (Open Text),1,1
should,Applications (Open Text),1,1
short,Sharing (Open Text),1,1
disaster,Applications (Open Text),1,1
disability,Applications (Open Text),1,1
directorate,Applications (Open Text),1,1
directly,Applications (Open Text),1,1
direction,Applications (Open Text),1,1
digitization,Applications (Open Text),1,1
digilization,Applications (Open Text),1,1
dicussed,Sharing (Open Text),1,1
several,Applications (Open Text),1,1
settlement,Applications (Open Text),1,1
sessiontraining,Sharing (Open Text),1,1
send,Sharing (Open Text),1,1
seek,Applications (Open Text),1,1
developer,Sharing (Open Text),1,1
desire,Applications (Open Text),1,1
demonstrate,Sharing (Open Text),1,1
definitely,Applications (Open Text),1,1
deck,Sharing (Open Text),1,1
decision,Applications (Open Text),1,1
som,Sharing (Open Text),1,1
solve,Sharing (Open Text),1,1
socialize,Sharing (Open Text),1,1
sme,Applications (Open Text),1,1
slide,Sharing (Open Text),1,1
skylight,Applications (Open Text),1,1
skill,Applications (Open Text),1,1
site,Sharing (Open Text),1,1
simulator,Sharing (Open Text),1,1
sign,Applications (Open Text),1,1
statistic,Applications (Open Text),1,1
statement,Applications (Open Text),1,1
state,Sharing (Open Text),1,1
debris,Applications (Open Text),1,1
debate,Applications (Open Text),1,1
d2d,Applications (Open Text),1,1
cybersecurity,Applications (Open Text),1,1
cybersec,Applications (Open Text),1,1
customer,Applications (Open Text),1,1
start,Applications (Open Text),1,1
standardisation,Applications (Open Text),1,1
stamdards,Applications (Open Text),1,1
staff,Sharing (Open Text),1,1
specificalized,Applications (Open Text),1,1
southeast,Applications (Open Text),1,1
dfo,Applications (Open Text),1,1
contribute,Applications (Open Text),1,1
contreys,Sharing (Open Text),1,1
curriculum,Applications (Open Text),1,1
currently,Applications (Open Text),1,1
current,Sharing (Open Text),1,1
cureent,Applications (Open Text),1,1
critical,Applications (Open Text),1,1
cover,Sharing (Open Text),1,1
course,Sharing (Open Text),1,1
student,Applications (Open Text),1,1
struggle,Sharing (Open Text),1,1
structure,Sharing (Open Text),1,1
stretegic,Applications (Open Text),1,1
strategize,Applications (Open Text),1,1
step,Applications (Open Text),1,1
stc,Applications (Open Text),1,1
taipei,Applications (Open Text),1,1
table,Applications (Open Text),1,1
contingency,Applications (Open Text),1,1
consultancy,Sharing (Open Text),1,1
consortium,Sharing (Open Text),1,1
consistent,Applications (Open Text),1,1
sustainable,Applications (Open Text),1,1
surveillance,Applications (Open Text),1,1
suppprt,Applications (Open Text),1,1
superior,Sharing (Open Text),1,1
summarize,Sharing (Open Text),1,1
successful,Sharing (Open Text),1,1
submit,Sharing (Open Text),1,1
correlation,Applications (Open Text),1,1
coperation,Sharing (Open Text),1,1
convergence,Applications (Open Text),1,1
comment,Sharing (Open Text),1,1
come,Applications (Open Text),1,1
collegee,Sharing (Open Text),1,1
collective,Applications (Open Text),1,1
conscious,Applications (Open Text),1,1
connection,Sharing (Open Text),1,1
conclutions,Sharing (Open Text),1,1
concern,Applications (Open Text),1,1
computeable,Applications (Open Text),1,1
comprehensive,Sharing (Open Text),1,1
comply,Applications (Open Text),1,1
competency,Applications (Open Text),1,1
tbd,Applications (Open Text),1,1
target,Sharing (Open Text),1,1
tangible,Applications (Open Text),1,1
talk,Sharing (Open Text),1,1
thx,Sharing (Open Text),1,1
throgh,Sharing (Open Text),1,1
thought,Applications (Open Text),1,1
thing,Sharing (Open Text),1,1
these,Applications (Open Text),1,1
there,Applications (Open Text),1,1
theough,Sharing (Open Text),1,1
theme,Applications (Open Text),1,1
thematic,Sharing (Open Text),1,1
than,Applications (Open Text),1,1
textbook,Applications (Open Text),1,1
test,Sharing (Open Text),1,1
tell,Sharing (Open Text),1,1
tecommendation,Applications (Open Text),1,1
teammate,Applications (Open Text),1,1
common,Sharing (Open Text),1,1
change,Applications (Open Text),1,1
case,Applications (Open Text),1,1
carry,Sharing (Open Text),1,1
capture,Applications (Open Text),1,1
cap,Applications (Open Text),1,1
coleagues,Sharing (Open Text),1,1
cod,Applications (Open Text),1,1
cochair,Sharing (Open Text),1,1
close,Applications (Open Text),1,1
clearer,Applications (Open Text),1,1
clear,Applications (Open Text),1,1
classification,Applications (Open Text),1,1
class,Sharing (Open Text),1,1
cladec,Applications (Open Text),1,1
cite,Sharing (Open Text),1,1
chinese,Applications (Open Text),1,1
transition,Applications (Open Text),1,1
training,Sharing (Open Text),1,1
traffic,Sharing (Open Text),1,1
canada,Sharing (Open Text),1,1
c20,Applications (Open Text),1,1
broader,Sharing (Open Text),1,1
briefers,Sharing (Open Text),1,1
bonus,Applications (Open Text),1,1
tpr,Sharing (Open Text),1,1
town,Sharing (Open Text),1,1
towards,Sharing (Open Text),1,1
today,Sharing (Open Text),1,1
timely,Applications (Open Text),1,1
checklist…share,Applications (Open Text),1,1
chapter,Applications (Open Text),1,1
channel,Sharing (Open Text),1,1
automatically,Applications (Open Text),1,1
audit,Sharing (Open Text),1,1
audience,Applications (Open Text),1,1
attend,Sharing (Open Text),1,1
boarder,Applications (Open Text),1,1
bilateral,Applications (Open Text),1,1
bigger,Applications (Open Text),1,1
benchmark,Applications (Open Text),1,1
behalf,Applications (Open Text),1,1
begin,Applications (Open Text),1,1
basis,Sharing (Open Text),1,1
baseline,Applications (Open Text),1,1
under,Applications (Open Text),1,1
uncitral,Applications (Open Text),1,1
trip,Sharing (Open Text),1,1
transparency,Applications (Open Text),1,1
assess,Applications (Open Text),1,1
asian,Applications (Open Text),1,1
art,Applications (Open Text),1,1
arise,Sharing (Open Text),1,1
apsc,Sharing (Open Text),1,1
approval,Sharing (Open Text),1,1
usen,Applications (Open Text),1,1
usecases,Sharing (Open Text),1,1
urgent,Sharing (Open Text),1,1
urban,Sharing (Open Text),1,1
uptake,Applications (Open Text),1,1
upon,Sharing (Open Text),1,1
upload,Sharing (Open Text),1,1
upcoming,Sharing (Open Text),1,1
balance,Applications (Open Text),1,1
awarenesscapacity,Sharing (Open Text),1,1
write,Sharing (Open Text),1,1
your,Applications (Open Text),1,1
yield,Applications (Open Text),1,1
yes,Sharing (Open Text),1,1
year,Applications (Open Text),1,1
2027,Applications (Open Text),1,1
wider,Applications (Open Text),1,1
where,Applications (Open Text),1,1
wco,Sharing (Open Text),1,1
alive,Applications (Open Text),1,1
alignment,Applications (Open Text),1,1
align,Sharing (Open Text),1,1
airelated,Applications (Open Text),1,1
agenda,Applications (Open Text),1,1
applicable,Applications (Open Text),1,1
another,Sharing (Open Text),1,1
nap,Applications (Open Text),1,1
mutual,Applications (Open Text),1,1
mtg,Sharing (Open Text),1,1
msmes,Applications (Open Text),1,1
mouth,Sharing (Open Text),1,1
monitor,Applications (Open Text),1,1
mobilization,Sharing (Open Text),1,1
minute,Sharing (Open Text),1,1
mind,Sharing (Open Text),1,1
newletters,Sharing (Open Text),1,1
negociate,Applications (Open Text),1,1
needtohknow,Sharing (Open Text),1,1
necessary,Applications (Open Text),1,1
navigate,Applications (Open Text),1,1
naturally,Applications (Open Text),1,1
abac,Applications (Open Text),1,1
